"Favorite Type","Item Reference","Item Description","Last Modified",Preference
Artist,570372593,"Zara Larsson",2026-03-10T06:03:22Z,LIKE
Artist,1540251304,aespa,2026-01-16T01:30:35Z,LIKE
Artist,1446365464,"Tate McRae",2026-01-16T01:02:16Z,LIKE
Artist,390647681,"Sabrina Carpenter",2026-01-16T01:01:56Z,LIKE
Artist,824434533,Bleachers,2024-12-31T07:02:07Z,LIKE
Artist,602767352,Lorde,2024-12-31T07:01:53Z,LIKE
Artist,979458609,"Olivia Rodrigo",2024-12-31T07:01:43Z,LIKE
Artist,159260351,"Taylor Swift",2024-12-31T07:01:27Z,LIKE
Song,1817499892,"Zara Larsson - The Ambition",2026-03-17T20:29:44Z,LIKE
Song,1817499517,"Zara Larsson - Eurosummer",2026-03-17T20:29:41Z,LIKE
Song,1817499525,"Zara Larsson - Hot & Sexy",2026-03-17T20:29:39Z,LIKE
Song,1817499515,"Zara Larsson - Crush",2026-03-16T13:00:40Z,LIKE
Song,1862550854,"Sabrina Carpenter - When Did You Get Hot?",2026-03-14T19:48:58.019Z,NEUTRAL
Song,1862550601,"Sabrina Carpenter - Sugar Talking",2026-03-14T19:48:58.015Z,NEUTRAL
Song,1862550595,"Sabrina Carpenter - Tears",2026-03-14T19:44:21.512Z,NEUTRAL
Song,1689131532,"Taylor Swift - Maroon",2026-03-14T14:12:27Z,LIKE
Song,1689131956,"Taylor Swift - You're On Your Own, Kid",2026-03-11T12:37:46Z,LIKE
Song,1845403829,"Gracie Abrams - Where do we go now? (Apple Music Live)",2026-03-09T04:10:16Z,LIKE
Song,1845404112,"Gracie Abrams - us. (Apple Music Live)",2026-03-09T00:01:06.920Z,NEUTRAL
Song,1742074192,"Taylor Swift - My Boy Only Breaks His Favorite Toys",2026-03-08T23:29:29Z,LIKE
Song,1845404104,"Gracie Abrams - Mess It Up (Apple Music Live)",2026-03-07T18:58:06Z,LIKE
Song,1786643056,"SZA - Crybaby",2026-03-05T08:45:10Z,LIKE
Song,1845404113,"Gracie Abrams - That’s So True (Apple Music Live)",2026-03-04T23:57:09Z,LIKE
Song,1845403814,"Gracie Abrams - Intro & Risk (Apple Music Live)",2026-03-04T05:35:54.938Z,NEUTRAL
Song,1838810961,"Taylor Swift - CANCELLED!",2026-03-02T23:15:03Z,LIKE
Song,1845404108,"Gracie Abrams - Let It Happen (Apple Music Live)",2026-03-02T20:49:48Z,LIKE
Song,1845403831,"Gracie Abrams - Death Wish (Apple Music Live)",2026-03-02T02:51:39Z,LIKE
Song,1440832876,"JAŸ-Z & Kanye West - No Church In the Wild (feat. Frank Ocean & The-Dream)",2026-03-01T00:37:27.145Z,DISLIKE
Song,1440833218,"Lana Del Rey - Young and Beautiful (DH Orchestral Version)",2026-02-24T19:31:09Z,NEUTRAL
Song,1544268361,"Taylor Swift - marjorie",2026-02-24T01:24:06Z,LIKE
Song,1673805199,"Ed Sheeran - Curtains",2026-02-23T08:12:08.241Z,NEUTRAL
Song,1436646795,"Phoebe Bridgers - Funeral",2026-02-22T16:30:31.261Z,NEUTRAL
Song,1664288817,"Gracie Abrams - Will you cry?",2026-02-22T15:38:24.930Z,NEUTRAL
Song,1595423407,"Taylor Swift - Forever Winter (Taylor's Version) (From The Vault)",2026-02-22T14:54:27Z,LIKE
Song,887521564,"Michelle Duffy, Rachel Flynn, Dustin Sullivan, Charissa Hogeland & AJ Meijer - Shine a Light",2026-02-22T03:15:05Z,NEUTRAL
Song,887521310,"Katie Ladner, Alice Lee, Jessica Keenan Wynn, Barrett Wilbert Weed & Elle McLemore - Beautiful",2026-02-22T03:15:03Z,NEUTRAL
Song,887521674,"Michelle Duffy, Daniel Cooney, Barrett Wilbert Weed, Elle McLemore & Ryan McCartan - Dead Girl Walking (Reprise)",2026-02-22T03:15:03Z,NEUTRAL
Song,887521643,"Katie Ladner - Kindergarten Boyfriend",2026-02-22T03:15:02Z,NEUTRAL
Song,887521526,"Jessica Keenan Wynn, Daniel Cooney, Dan Domenech, Michelle Duffy & AJ Meijer - The Me Inside of Me",2026-02-22T03:15:01Z,NEUTRAL
Song,887521645,"Jessica Keenan Wynn, Evan Todd, Michelle Duffy, Barrett Wilbert Weed & Jon Eidson - Yo Girl",2026-02-22T03:15:01Z,NEUTRAL
Song,887521354,"Jessica Keenan Wynn, Alice Lee & Elle McLemore - Candy Store",2026-02-22T03:15:00Z,NEUTRAL
Song,887521584,"Elle McLemore - Lifeboat",2026-02-22T03:14:59Z,NEUTRAL
Song,887521561,"Barrett Wilbert Weed & Ryan McCartan - Seventeen",2026-02-22T03:14:58Z,NEUTRAL
Song,887521804,"Barrett Wilbert Weed & Ryan McCartan - I Am Damaged",2026-02-22T03:14:58Z,NEUTRAL
Song,887521521,"Barrett Wilbert Weed & Ryan McCartan - Dead Girl Walking",2026-02-22T03:14:57Z,NEUTRAL
Song,887521509,"Barrett Wilbert Weed & Ryan McCartan - Freeze Your Brain",2026-02-22T03:14:56Z,NEUTRAL
Song,887521558,"Anthony Crivello & Daniel Cooney - My Dead Gay Son",2026-02-22T03:14:55Z,NEUTRAL
Song,887522885,"Alice Lee, Katie Ladner, Barrett Wilbert Weed & Elle McLemore - Seventeen (Reprise)",2026-02-22T03:14:55Z,NEUTRAL
Song,887521613,"Alice Lee & Elle McLemore - Shine a Light (Reprise)",2026-02-22T03:14:53Z,NEUTRAL
Song,1524801591,"Taylor Swift - my tears ricochet",2026-02-22T01:56:02.006Z,NEUTRAL
Song,1691828312,"Gracie Abrams - Amelie",2026-02-21T05:50:04Z,LIKE
Song,1742058282,"Taylor Swift - Cassandra",2026-02-18T15:04:53Z,LIKE
Song,1650841755,"Taylor Swift - Would've, Could've, Should've",2026-02-18T12:28:31Z,LIKE
Song,1541905160,"Taylor Swift - mad woman (the long pond studio sessions)",2026-02-18T11:37:08Z,LIKE
Song,1524802187,"Taylor Swift - mad woman",2026-02-18T11:36:45Z,LIKE
Song,1826134951,"OneRepublic - Beautiful Colors - from Kaiju No. 8",2026-02-18T06:35:47.100Z,DISLIKE
Song,1742058100,"Taylor Swift - Who’s Afraid of Little Old Me?",2026-02-17T08:47:34Z,LIKE
Song,1742058269,"Taylor Swift - So High School",2026-02-17T08:47:33Z,LIKE
Song,1742058261,"Taylor Swift - The Albatross",2026-02-17T08:47:31Z,LIKE
Song,1542103620,"Bad Bunny & JHAYCO - DÁKITI",2026-02-17T07:11:29Z,LIKE
Song,1581087760,"Ed Sheeran - Visiting Hours",2026-02-15T16:50:33Z,LIKE
Song,1874125269,"Tame Impala & JENNIE - Dracula (JENNIE Remix)",2026-02-14T18:57:03Z,LIKE
Song,1852566426,"Charli xcx - Wall of Sound",2026-02-05T23:24:48Z,LIKE
Song,1795513149,"Sabrina Carpenter - Espresso",2026-02-03T20:43:35Z,LIKE
Song,1838810958,"Taylor Swift - Actually Romantic",2026-01-27T02:38:03Z,LIKE
Song,1838810951,"Taylor Swift - The Fate of Ophelia",2026-01-27T02:38:01Z,LIKE
Song,1838810957,"Taylor Swift - Ruin The Friendship",2026-01-26T16:18:00Z,LIKE
Song,1838810955,"Taylor Swift - Father Figure",2026-01-26T05:51:50Z,LIKE
Song,1524801960,"Taylor Swift - this is me trying",2026-01-25T04:36:24Z,LIKE
Song,1672703433,"Reneé Rapp - Everything To Everyone (Extended Version)",2026-01-25T03:06:18Z,LIKE
Song,1485802966,"Harry Styles - Golden",2026-01-24T16:42:17Z,LIKE
Song,1434651709,"BAEKHYUN & Loco - YOUNG",2026-01-22T02:07:18Z,LIKE
Song,1689131978,"Taylor Swift - Bigger Than The Whole Sky",2026-01-13T05:57:12.351Z,LIKE
Song,1708308996,"Taylor Swift - Style (Taylor's Version)",2026-01-12T20:06:41.727Z,LIKE
Song,1838812734,"Taylor Swift - CANCELLED!",2025-12-03T20:15:13.180Z,LIKE
Song,1838812733,"Taylor Swift - Wood",2025-10-19T21:57:11.733Z,LIKE
Song,1718576584,"Taylor Swift - You’re Losing Me (From The Vault)",2025-02-13T23:16:03Z,LIKE
Song,1698554079,"AGNEZ MO - Things Will Get Better",2025-01-01T07:42:54Z,LIKE
Song,1680069571,"Gracie Abrams - I know it won't work (Live)",2025-01-01T03:44:16Z,LIKE
Song,1775877096,"Bleachers - Merry Christmas, Please Don't Call",2024-12-31T07:02:16Z,LIKE
Song,1440934248,"Taylor Swift - ...Ready For It?",2024-12-31T07:00:57Z,LIKE
Song,1440934249,"Taylor Swift - End Game (feat. Ed Sheeran & Future)",2024-12-31T07:00:57Z,LIKE
Song,1440934251,"Taylor Swift - I Did Something Bad",2024-12-31T07:00:57Z,LIKE
Song,1440934252,"Taylor Swift - Don’t Blame Me",2024-12-31T07:00:57Z,LIKE
Song,1440934254,"Taylor Swift - Delicate",2024-12-31T07:00:57Z,LIKE
Song,1440934255,"Taylor Swift - Look What You Made Me Do",2024-12-31T07:00:57Z,LIKE
Song,1440934257,"Taylor Swift - So It Goes...",2024-12-31T07:00:57Z,LIKE
Song,1440934262,"Taylor Swift - Getaway Car",2024-12-31T07:00:57Z,LIKE
Song,1440934264,"Taylor Swift - King of My Heart",2024-12-31T07:00:57Z,LIKE
Song,1440934269,"Taylor Swift - Dancing With Our Hands Tied",2024-12-31T07:00:57Z,LIKE
Song,1440934421,"Taylor Swift - Dress",2024-12-31T07:00:57Z,LIKE
Song,1440934423,"Taylor Swift - This Is Why We Can’t Have Nice Things",2024-12-31T07:00:57Z,LIKE
Song,1440934430,"Taylor Swift - Call It What You Want",2024-12-31T07:00:57Z,LIKE
Song,1440934434,"Taylor Swift - New Year’s Day",2024-12-31T07:00:57Z,LIKE
Song,1773474482,"Gracie Abrams - Cool",2024-12-10T20:34:28.953Z,LIKE
Song,1773474485,"Gracie Abrams - Packing It Up",2024-11-01T00:36:40.108Z,LIKE
Song,1773474483,"Gracie Abrams - That’s So True",2024-10-27T22:48:54.395Z,LIKE
Song,1773474484,"Gracie Abrams - I Told You Things",2024-10-27T22:42:17.145Z,LIKE
Song,1595423409,"Taylor Swift - The Very First Night (Taylor's Version) (From The Vault)",2024-04-29T05:49:21Z,LIKE
Song,1595423285,"Taylor Swift - Message In A Bottle (Taylor's Version) (From The Vault)",2024-04-29T05:49:17Z,LIKE
Song,1595423272,"Taylor Swift - Begin Again (Taylor's Version)",2024-04-29T05:49:12Z,LIKE
Song,1595423271,"Taylor Swift - Starlight (Taylor's Version)",2024-04-29T05:49:06Z,LIKE
Song,1595423270,"Taylor Swift - Everything Has Changed (Taylor's Version) [feat. Ed Sheeran]",2024-04-29T05:49:05Z,LIKE
Song,1742058275,"Taylor Swift - I Look in People's Windows",2024-04-28T21:30:18Z,LIKE
Song,1742075509,"Taylor Swift - How Did It End?",2024-04-28T21:30:15Z,LIKE
Song,1742075225,"Taylor Swift - Chloe or Sam or Sophia or Marcus",2024-04-28T21:30:14Z,LIKE
Song,1742074936,"Taylor Swift - Clara Bow",2024-04-28T21:30:11Z,LIKE
Song,1742058097,"Taylor Swift - Guilty as Sin?",2024-04-28T21:29:19Z,LIKE
Song,1742058080,"Taylor Swift - Down Bad",2024-04-28T21:29:16Z,LIKE
Album,1845403813,"Gracie Abrams - Apple Music Live: Gracie Abrams",2026-03-17T15:39:45Z,LIKE
Album,1862550592,"Sabrina Carpenter - Man’s Best Friend (Bonus Track Version)",2026-03-14T19:44:21Z,NEUTRAL
Album,1673804537,"Ed Sheeran - - (Deluxe)",2026-02-23T08:12:08Z,NEUTRAL
Album,1436646549,"Phoebe Bridgers - Stranger in the Alps (Deluxe Edition)",2026-02-22T16:30:31Z,NEUTRAL
Album,1544268281,"Taylor Swift - evermore",2026-02-22T15:38:24Z,NEUTRAL
Album,1664288624,"Gracie Abrams - Good Riddance",2026-02-22T15:38:24Z,NEUTRAL
Album,1524801260,"Taylor Swift - folklore",2026-02-22T01:56:02Z,NEUTRAL
