"Container Description","Container Type",Origin,"Date Created","Play Duration Milliseconds","Artist Name","Last Played","Play Count",Genres,Artists
"shame she's fucked in the head",PLAYLIST,USER_PLAYLIST,20260116,9136594,N/A,1768536240050,38,"Alternative, Music, Pop, Singer/Songwriter, Soundtrack","Billie Eilish, Ed Sheeran, Eva Noblezada, Gracie Abrams, Harry Styles, John Paul White, Joy Williams, Olivia Rodrigo, Phoebe Bridgers, Sabrina Carpenter, Taylor Swift"
"shame she's fucked in the head",PLAYLIST,USER_PLAYLIST,20260117,34408,N/A,1768693229013,1,"Alternative, Music","Taylor Swift"
"shame she's fucked in the head",PLAYLIST,USER_PLAYLIST,20260118,9196838,N/A,1768769953300,44,"Alternative, Music, Pop, Soundtrack","Billie Eilish, Gracie Abrams, Jessie Mueller, Lauren Spencer Smith, Olivia Rodrigo, Phoebe Bridgers, Reneé Rapp, Taylor Swift, The National"
"shame she's fucked in the head",PLAYLIST,USER_PLAYLIST,20260119,63501,N/A,1768844642473,1,"Music, Pop","Taylor Swift"
"shame she's fucked in the head",PLAYLIST,USER_PLAYLIST,20260120,4474743,N/A,1768956142029,21,"Alternative, Music, Pop, Soundtrack","Billie Eilish, Ed Sheeran, Gracie Abrams, Harry Styles, Olivia Rodrigo, Phoebe Bridgers, Reneé Rapp, Sabrina Carpenter, Taylor Swift"
"shame she's fucked in the head",PLAYLIST,USER_PLAYLIST,20260121,283131,N/A,1768956521928,2,"Music, Pop","Gracie Abrams"
"shame she's fucked in the head",PLAYLIST,USER_PLAYLIST,20260125,11678020,N/A,1769378540359,53,"Alternative, Music, Pop, R&B/Soul, Soundtrack","AGNEZ MO, Billie Eilish, Ed Sheeran, Eva Noblezada, Gracie Abrams, Harry Styles, Jessie Mueller, John Paul White, Joy Williams, Olivia Rodrigo, Reneé Rapp, Selena Gomez, Taylor Swift"
"shame she's fucked in the head",PLAYLIST,USER_PLAYLIST,20260127,2697996,N/A,1769533988566,12,"Alternative, Music, Pop","Billie Eilish, Ed Sheeran, Olivia Rodrigo, Phoebe Bridgers, Reneé Rapp, Taylor Swift"
"shame she's fucked in the head",PLAYLIST,USER_PLAYLIST,20260206,1382051,N/A,1770422384775,6,"Music, Pop","Gracie Abrams, John Paul White, Joy Williams, Olivia Rodrigo, Reneé Rapp, Taylor Swift"
"shame she's fucked in the head",PLAYLIST,USER_PLAYLIST,20260207,9241733,N/A,1770488387193,49,"Alternative, Music, Pop, R&B/Soul, Singer/Songwriter, Soundtrack","AGNEZ MO, Billie Eilish, Ed Sheeran, Gracie Abrams, Harry Styles, Jessie Mueller, Lauren Spencer Smith, Olivia Rodrigo, Phoebe Bridgers, Reneé Rapp, Taylor Swift"
"shame she's fucked in the head",PLAYLIST,USER_PLAYLIST,20260208,4393470,N/A,1770579923495,22,"Alternative, Music, Pop, R&B/Soul, Soundtrack","AGNEZ MO, Gracie Abrams, Jessie Mueller, John Paul White, Joy Williams, Taylor Swift"
"shame she's fucked in the head",PLAYLIST,USER_PLAYLIST,20260209,1142642,N/A,1770610434262,6,"Music, Pop","Ed Sheeran, Taylor Swift"
"shame she's fucked in the head",PLAYLIST,USER_PLAYLIST,20260215,4153770,N/A,1771182866464,24,"Alternative, Music, Pop, Singer/Songwriter, Soundtrack","Ed Sheeran, Gracie Abrams, Harry Styles, Jessie Mueller, Phoebe Bridgers, Reneé Rapp, Taylor Swift, The National"
"shame she's fucked in the head",PLAYLIST,USER_PLAYLIST,20260216,38571315,N/A,1771286382139,158,"Alternative, Music, Pop, R&B/Soul, Rock, Singer/Songwriter, Soundtrack","AGNEZ MO, Alexx Calise, Billie Eilish, Ed Sheeran, Eva Noblezada, Gracie Abrams, Harry Styles, Jessie Mueller, John Paul White, Joy Williams, Lauren Spencer Smith, Olivia Rodrigo, Phoebe Bridgers, Reneé Rapp, Selena Gomez, Taylor Swift, The National"
"shame she's fucked in the head",PLAYLIST,USER_PLAYLIST,20260217,8023834,N/A,1771310281309,34,"Alternative, Music, Pop, Soundtrack","Billie Eilish, Ed Sheeran, Gracie Abrams, Olivia Rodrigo, Phoebe Bridgers, Reneé Rapp, Taylor Swift, The National"
"shame she's fucked in the head",PLAYLIST,USER_PLAYLIST,20260218,6541633,N/A,1771447606264,32,"Alternative, Music, Pop, R&B/Soul, Singer/Songwriter","AGNEZ MO, Billie Eilish, Ed Sheeran, Gracie Abrams, Olivia Rodrigo, Phoebe Bridgers, Taylor Swift"
"shame she's fucked in the head",PLAYLIST,USER_PLAYLIST,20260219,2145018,N/A,1771545540640,12,"Music, Pop, Singer/Songwriter","Ed Sheeran, Gracie Abrams, John Paul White, Joy Williams, Reneé Rapp, Taylor Swift"
"shame she's fucked in the head",PLAYLIST,USER_PLAYLIST,20260220,13635661,N/A,1771631918240,53,"Alternative, Music, Pop, R&B/Soul, Rock, Singer/Songwriter","AGNEZ MO, Alexx Calise, Billie Eilish, Ed Sheeran, Gracie Abrams, Harry Styles, John Paul White, Joy Williams, Lauren Spencer Smith, Olivia Rodrigo, Phoebe Bridgers, Reneé Rapp, Sabrina Carpenter, Selena Gomez, Taylor Swift, The National"
"shame she's fucked in the head",PLAYLIST,USER_PLAYLIST,20260221,12392569,N/A,1771715360459,57,"Alternative, Music, Pop, Soundtrack","Billie Eilish, Ed Sheeran, Gracie Abrams, Harry Styles, Lauren Spencer Smith, Olivia Rodrigo, Phoebe Bridgers, Reneé Rapp, Selena Gomez, Taylor Swift"
"shame she's fucked in the head",PLAYLIST,USER_PLAYLIST,20260222,27634902,N/A,1771801748221,93,"Alternative, Music, Pop, R&B/Soul, Rock, Singer/Songwriter","AGNEZ MO, Alexx Calise, Billie Eilish, Ed Sheeran, Gracie Abrams, Harry Styles, John Paul White, Joy Williams, Olivia Rodrigo, Phoebe Bridgers, Reneé Rapp, Sabrina Carpenter, Taylor Swift, The National"
"shame she's fucked in the head",PLAYLIST,USER_PLAYLIST,20260223,31672030,N/A,1771888629114,131,"Alternative, Music, Pop, R&B/Soul, Rock, Singer/Songwriter, Soundtrack","AGNEZ MO, Alexx Calise, Billie Eilish, Ed Sheeran, Eva Noblezada, Gracie Abrams, Harry Styles, John Paul White, Joy Williams, Lauren Spencer Smith, Olivia Rodrigo, Phoebe Bridgers, Reneé Rapp, Sabrina Carpenter, Taylor Swift, The National"
"shame she's fucked in the head",PLAYLIST,USER_PLAYLIST,20260224,15992368,N/A,1771967681416,74,"Alternative, Music, Pop, Rock, Soundtrack","Alexx Calise, Billie Eilish, Ed Sheeran, Gracie Abrams, Harry Styles, Olivia Rodrigo, Phoebe Bridgers, Reneé Rapp, Selena Gomez, Taylor Swift"
"shame she's fucked in the head",PLAYLIST,USER_PLAYLIST,20260225,114553,N/A,1771978808931,1,"Alternative, Music","Gracie Abrams"
"shame she's fucked in the head",PLAYLIST,USER_PLAYLIST,20260226,1137134,N/A,1772116991149,5,"Alternative, Music, Pop","Olivia Rodrigo, Phoebe Bridgers, Taylor Swift"
"shame she's fucked in the head",PLAYLIST,USER_PLAYLIST,20260227,1597616,N/A,1772160141470,6,"Alternative, Music, Pop","Gracie Abrams, Phoebe Bridgers, Taylor Swift"
N/A,PLAYLIST,"RECENT_FAVORITE_PERSONAL_MIX_PLAYLIST",20260202,1943364,N/A,1770066464065,9,"Music, Pop","Taylor Swift"
N/A,PLAYLIST,"RECENT_FAVORITE_PERSONAL_MIX_PLAYLIST",20260212,5405976,N/A,1770940649224,28,"Dance, K-Pop, Latin, Music, Pop","Bad Bunny, Harry Styles, JENNIE, Sabrina Carpenter, Taylor Swift, t.A.T.u."
N/A,PLAYLIST,"RECENT_FAVORITE_PERSONAL_MIX_PLAYLIST",20260213,9682608,N/A,1771025110078,52,"Dance, K-Pop, Latin, Latin Urban, Music, Pop","Bad Bunny, Gracie Abrams, Harry Styles, JENNIE, JHAYCO, Sabrina Carpenter, Taylor Swift, t.A.T.u."
N/A,PLAYLIST,"RECENT_FAVORITE_PERSONAL_MIX_PLAYLIST",20260214,2196490,N/A,1771086038900,11,"Latin, Music, Pop","Bad Bunny, Sabrina Carpenter, Taylor Swift, t.A.T.u."
N/A,PLAYLIST,"RECENT_FAVORITE_PERSONAL_MIX_PLAYLIST",20260215,8621875,N/A,1771194145905,47,"Latin, Latin Urban, Music, Pop","Bad Bunny, Don Omar, Jowell & Randy, Taylor Swift, Tego Calderón, t.A.T.u., Ñengo Flow"
N/A,PLAYLIST,"RECENT_FAVORITE_PERSONAL_MIX_PLAYLIST",20260216,3794581,N/A,1771264518781,18,"Latin, Latin Urban, Music, Pop","Bad Bunny, JHAYCO, Rauw Alejandro, Taylor Swift"
N/A,PLAYLIST,"RECENT_FAVORITE_PERSONAL_MIX_PLAYLIST",20260217,950636,N/A,1771312262053,5,"Alternative, Latin, Latin Urban, Music, Pop","Bad Bunny, Gracie Abrams, JHAYCO, Taylor Swift"
N/A,PLAYLIST,"RECENT_FAVORITE_PERSONAL_MIX_PLAYLIST",20260218,10882008,N/A,1771434446805,49,"Alternative, Latin, Latin Urban, Music, Pop, Singer/Songwriter","Bad Bunny, Ed Sheeran, Gracie Abrams, Harry Styles, Reneé Rapp, Taylor Swift"
N/A,PLAYLIST,"RECENT_FAVORITE_PERSONAL_MIX_PLAYLIST",20260219,9825806,N/A,1771555814653,43,"Alternative, Latin, Latin Urban, Music, Pop, Singer/Songwriter","Bad Bunny, Ed Sheeran, Gracie Abrams, JHAYCO, Olivia Rodrigo, Taylor Swift"
N/A,PLAYLIST,"RECENT_FAVORITE_PERSONAL_MIX_PLAYLIST",20260220,6815805,N/A,1771632133541,30,"Alternative, Latin, Latin Urban, Music, Pop","Bad Bunny, Ed Sheeran, Gracie Abrams, JHAYCO, Olivia Rodrigo, Taylor Swift"
N/A,PLAYLIST,"RECENT_FAVORITE_PERSONAL_MIX_PLAYLIST",20260221,5265912,N/A,1771704925959,25,"Alternative, Latin, Latin Urban, Music, Pop, Singer/Songwriter","Bad Bunny, Ed Sheeran, Gracie Abrams, JHAYCO, Olivia Rodrigo, Taylor Swift"
N/A,PLAYLIST,"RECENT_FAVORITE_PERSONAL_MIX_PLAYLIST",20260222,5546148,N/A,1771780929379,23,"Alternative, Latin, Latin Urban, Music, Pop, Singer/Songwriter","Bad Bunny, Ed Sheeran, Gracie Abrams, JHAYCO, Olivia Rodrigo, Taylor Swift"
N/A,PLAYLIST,"RECENT_FAVORITE_PERSONAL_MIX_PLAYLIST",20260224,1672749,N/A,1771977540794,6,"Alternative, Music, Pop","Gracie Abrams, Olivia Rodrigo, Taylor Swift"
N/A,PLAYLIST,"RECENT_FAVORITE_PERSONAL_MIX_PLAYLIST",20260225,6824635,N/A,1772063959510,29,"Alternative, Music, Pop","Billie Eilish, Gracie Abrams, John Paul White, Joy Williams, Olivia Rodrigo, Taylor Swift"
N/A,PLAYLIST,"RECENT_FAVORITE_PERSONAL_MIX_PLAYLIST",20260226,4177932,N/A,1772138959444,20,"Alternative, Music, Pop","Ed Sheeran, Gracie Abrams, Olivia Rodrigo, Phoebe Bridgers, Taylor Swift"
N/A,PLAYLIST,"RECENT_FAVORITE_PERSONAL_MIX_PLAYLIST",20260227,1579416,N/A,1772212530310,9,"Alternative, Latin, Latin Urban, Music, Pop","Bad Bunny, Gracie Abrams, JHAYCO, Olivia Rodrigo, Phoebe Bridgers, Reneé Rapp, Taylor Swift"
N/A,PLAYLIST,"RECENT_FAVORITE_PERSONAL_MIX_PLAYLIST",20260301,546723,N/A,1772404524545,2,"Music, Pop","Taylor Swift"
N/A,PLAYLIST,"RECENT_FAVORITE_PERSONAL_MIX_PLAYLIST",20260302,4190838,N/A,1772505995326,22,"Latin, Latin Urban, Music, Pop","Bad Bunny, Gracie Abrams, JHAYCO, Olivia Rodrigo, Taylor Swift"
N/A,PLAYLIST,"RECENT_FAVORITE_PERSONAL_MIX_PLAYLIST",20260303,1492480,N/A,1772550026086,8,"Music, Pop","Gracie Abrams, Reneé Rapp, Taylor Swift"
N/A,PLAYLIST,"RECENT_FAVORITE_PERSONAL_MIX_PLAYLIST",20260304,2848703,N/A,1772597630604,14,"Alternative, Music, Pop","Gracie Abrams, Phoebe Bridgers, Reneé Rapp, Taylor Swift"
N/A,PLAYLIST,"RECENT_FAVORITE_PERSONAL_MIX_PLAYLIST",20260305,4620075,N/A,1772755198338,14,"Alternative, Music, Pop","Lorde, PinkPantheress, Reneé Rapp, Taylor Swift"
N/A,PLAYLIST,"RECENT_FAVORITE_PERSONAL_MIX_PLAYLIST",20260306,7069844,N/A,1772840727664,36,"Music, Pop","PinkPantheress, Reneé Rapp, Taylor Swift, Zara Larsson"
N/A,PLAYLIST,"RECENT_FAVORITE_PERSONAL_MIX_PLAYLIST",20260307,1832954,N/A,1772907111166,9,"Music, Pop","PinkPantheress, Taylor Swift, Zara Larsson"
N/A,PLAYLIST,"RECENT_FAVORITE_PERSONAL_MIX_PLAYLIST",20260308,2922840,N/A,1773013698332,16,"Alternative, Music, Pop","Lorde, PinkPantheress, Reneé Rapp, Taylor Swift, Zara Larsson"
N/A,PLAYLIST,"RECENT_FAVORITE_PERSONAL_MIX_PLAYLIST",20260309,2736278,N/A,1773098486422,16,"Music, Pop","PinkPantheress, Taylor Swift, Zara Larsson"
N/A,PLAYLIST,"RECENT_FAVORITE_PERSONAL_MIX_PLAYLIST",20260310,2538300,N/A,1773117299191,13,"Alternative, Music, Pop","Lorde, Taylor Swift"
N/A,PLAYLIST,"RECENT_FAVORITE_PERSONAL_MIX_PLAYLIST",20260311,2326993,N/A,1773273757667,11,"Music, Pop","PinkPantheress, Taylor Swift"
N/A,PLAYLIST,"RECENT_FAVORITE_PERSONAL_MIX_PLAYLIST",20260312,5136190,N/A,1773338293658,27,"Alternative, Music, Pop","Lorde, PinkPantheress, Taylor Swift, Zara Larsson"
N/A,PLAYLIST,"RECENT_FAVORITE_PERSONAL_MIX_PLAYLIST",20260313,2702581,N/A,1773423048859,14,"Latin, Music, Pop","Bad Bunny, Harry Styles, PinkPantheress, Taylor Swift, Zara Larsson"
N/A,PLAYLIST,"RECENT_FAVORITE_PERSONAL_MIX_PLAYLIST",20260315,4877874,N/A,1773605648488,25,"Music, Pop","Harry Styles, PinkPantheress, Taylor Swift, Zara Larsson"
N/A,PLAYLIST,"RECENT_FAVORITE_PERSONAL_MIX_PLAYLIST",20260316,1525499,N/A,1773699876939,9,"Music, Pop","PinkPantheress, Sabrina Carpenter, Taylor Swift, Zara Larsson"
N/A,PLAYLIST,"RECENT_FAVORITE_PERSONAL_MIX_PLAYLIST",20260318,3357529,N/A,1773852145520,19,"Music, Pop","Taylor Swift, Zara Larsson"
N/A,PLAYLIST,"RECENT_FAVORITE_PERSONAL_MIX_PLAYLIST",20260319,4156406,N/A,1773947185746,22,"Music, Pop","Sabrina Carpenter, Taylor Swift, Zara Larsson"
N/A,PLAYLIST,"RECENT_FAVORITE_PERSONAL_MIX_PLAYLIST",20260320,8626496,N/A,1774055294467,43,"Alternative, Music, Pop","Paris Paloma, Sabrina Carpenter, Taylor Swift, Zara Larsson"
N/A,PLAYLIST,"RECENT_FAVORITE_PERSONAL_MIX_PLAYLIST",20260321,15820025,N/A,1774138308062,86,"Alternative, Music, Pop","Ella Henderson, Harry Styles, Paris Paloma, Sabrina Carpenter, Taylor Swift, Zara Larsson"
N/A,PLAYLIST,"RECENT_FAVORITE_PERSONAL_MIX_PLAYLIST",20260322,9828039,N/A,1774228164826,36,"Alternative, Music, Pop","Harry Styles, Paris Paloma, PinkPantheress, Taylor Swift, Zara Larsson"
N/A,PLAYLIST,"RECENT_FAVORITE_PERSONAL_MIX_PLAYLIST",20260323,18305536,N/A,1774306673121,110,"Alternative, Dance, Music, Pop","Harry Styles, Paris Paloma, PinkPantheress, Taylor Swift, Zara Larsson"
"Gracie Abrams - Apple Music Live: Gracie Abrams",ALBUM,UNKNOWN,20260301,455220,N/A,1772414623351,2,"Music, Pop","Gracie Abrams"
"Gracie Abrams - Apple Music Live: Gracie Abrams",ALBUM,UNKNOWN,20260302,11895471,N/A,1772484904042,53,"Music, Pop","Gracie Abrams"
"Gracie Abrams - Apple Music Live: Gracie Abrams",ALBUM,UNKNOWN,20260303,6488497,N/A,1772585869640,27,"Music, Pop","Gracie Abrams"
"Gracie Abrams - Apple Music Live: Gracie Abrams",ALBUM,UNKNOWN,20260304,16182749,N/A,1772676648985,48,"Music, Pop","Gracie Abrams"
"Gracie Abrams - Apple Music Live: Gracie Abrams",ALBUM,UNKNOWN,20260305,6676546,N/A,1772754234017,24,"Music, Pop","Gracie Abrams"
"Gracie Abrams - Apple Music Live: Gracie Abrams",ALBUM,UNKNOWN,20260306,3102975,N/A,1772841351393,13,"Music, Pop","Gracie Abrams"
"Gracie Abrams - Apple Music Live: Gracie Abrams",ALBUM,UNKNOWN,20260307,9321140,N/A,1772910494691,35,"Music, Pop","Gracie Abrams"
"Gracie Abrams - Apple Music Live: Gracie Abrams",ALBUM,UNKNOWN,20260308,16833922,N/A,1773014302196,49,"Music, Pop","Gracie Abrams"
"Gracie Abrams - Apple Music Live: Gracie Abrams",ALBUM,UNKNOWN,20260309,15184935,N/A,1773096473360,41,"Music, Pop","Gracie Abrams"
"Gracie Abrams - Apple Music Live: Gracie Abrams",ALBUM,UNKNOWN,20260310,5407986,N/A,1773182283260,22,"Music, Pop","Gracie Abrams"
"Gracie Abrams - Apple Music Live: Gracie Abrams",ALBUM,UNKNOWN,20260311,5339934,N/A,1773265335761,23,"Music, Pop","Gracie Abrams"
"Gracie Abrams - Apple Music Live: Gracie Abrams",ALBUM,UNKNOWN,20260312,4066203,N/A,1773357960397,17,"Music, Pop","Gracie Abrams"
"Gracie Abrams - Apple Music Live: Gracie Abrams",ALBUM,UNKNOWN,20260315,3799753,N/A,1773617793176,17,"Music, Pop","Gracie Abrams"
"Gracie Abrams - Apple Music Live: Gracie Abrams",ALBUM,UNKNOWN,20260317,839536,N/A,1773768501555,3,"Music, Pop","Gracie Abrams"
"Taylor Swift - THE TORTURED POETS DEPARTMENT: THE ANTHOLOGY",ALBUM,UNKNOWN,20260117,2301161,N/A,1768685037460,11,"Music, Pop","Taylor Swift"
"Taylor Swift - THE TORTURED POETS DEPARTMENT: THE ANTHOLOGY",ALBUM,UNKNOWN,20260123,8950046,N/A,1769190498908,41,"Music, Pop","Taylor Swift"
"Taylor Swift - THE TORTURED POETS DEPARTMENT: THE ANTHOLOGY",ALBUM,UNKNOWN,20260127,5214970,N/A,1769556663916,25,"Music, Pop","Taylor Swift"
"Taylor Swift - THE TORTURED POETS DEPARTMENT: THE ANTHOLOGY",ALBUM,UNKNOWN,20260128,3090809,N/A,1769650838738,14,"Music, Pop","Taylor Swift"
"Taylor Swift - THE TORTURED POETS DEPARTMENT: THE ANTHOLOGY",ALBUM,UNKNOWN,20260129,10041536,N/A,1769720092516,43,"Music, Pop","Taylor Swift"
"Taylor Swift - THE TORTURED POETS DEPARTMENT: THE ANTHOLOGY",ALBUM,UNKNOWN,20260130,3605678,N/A,1769817534155,20,"Music, Pop","Taylor Swift"
"Taylor Swift - THE TORTURED POETS DEPARTMENT: THE ANTHOLOGY",ALBUM,UNKNOWN,20260131,3484650,N/A,1769900918523,18,"Music, Pop","Taylor Swift"
"Taylor Swift - THE TORTURED POETS DEPARTMENT: THE ANTHOLOGY",ALBUM,UNKNOWN,20260201,2241381,N/A,1769977390225,11,"Music, Pop","Taylor Swift"
"Taylor Swift - THE TORTURED POETS DEPARTMENT: THE ANTHOLOGY",ALBUM,UNKNOWN,20260206,4043330,N/A,1770416363196,19,"Music, Pop","Taylor Swift"
"Taylor Swift - THE TORTURED POETS DEPARTMENT: THE ANTHOLOGY",ALBUM,UNKNOWN,20260209,1785242,N/A,1770680210150,9,"Music, Pop","Taylor Swift"
"Taylor Swift - THE TORTURED POETS DEPARTMENT: THE ANTHOLOGY",ALBUM,UNKNOWN,20260214,1509351,N/A,1771111586877,6,"Music, Pop","Taylor Swift"
"Taylor Swift - THE TORTURED POETS DEPARTMENT: THE ANTHOLOGY",ALBUM,UNKNOWN,20260215,4709196,N/A,1771125496595,23,"Music, Pop","Taylor Swift"
"Taylor Swift - THE TORTURED POETS DEPARTMENT: THE ANTHOLOGY",ALBUM,UNKNOWN,20260217,11641242,N/A,1771364427770,52,"Music, Pop","Taylor Swift"
"Taylor Swift - THE TORTURED POETS DEPARTMENT: THE ANTHOLOGY",ALBUM,UNKNOWN,20260218,720998,N/A,1771443758896,4,"Music, Pop","Taylor Swift"
"Taylor Swift - THE TORTURED POETS DEPARTMENT: THE ANTHOLOGY",ALBUM,UNKNOWN,20260222,1363132,N/A,1771804614470,6,"Music, Pop","Taylor Swift"
"Taylor Swift - THE TORTURED POETS DEPARTMENT: THE ANTHOLOGY",ALBUM,UNKNOWN,20260223,481568,N/A,1771807547992,2,"Music, Pop","Taylor Swift"
"Taylor Swift - THE TORTURED POETS DEPARTMENT: THE ANTHOLOGY",ALBUM,UNKNOWN,20260225,6410790,N/A,1772048856057,32,"Music, Pop","Taylor Swift"
"Taylor Swift - THE TORTURED POETS DEPARTMENT: THE ANTHOLOGY",ALBUM,UNKNOWN,20260227,2609742,N/A,1772224390988,12,"Music, Pop","Taylor Swift"
"Taylor Swift - THE TORTURED POETS DEPARTMENT: THE ANTHOLOGY",ALBUM,UNKNOWN,20260228,950491,N/A,1772314417357,4,"Music, Pop","Taylor Swift"
"Taylor Swift - THE TORTURED POETS DEPARTMENT: THE ANTHOLOGY",ALBUM,UNKNOWN,20260301,1696513,N/A,1772403951237,6,"Music, Pop","Taylor Swift"
"Taylor Swift - THE TORTURED POETS DEPARTMENT: THE ANTHOLOGY",ALBUM,UNKNOWN,20260312,3681138,N/A,1773335178915,19,"Music, Pop","Taylor Swift"
"Taylor Swift - THE TORTURED POETS DEPARTMENT: THE ANTHOLOGY",ALBUM,UNKNOWN,20260313,6732144,N/A,1773429452956,16,"Music, Pop","Taylor Swift"
"Taylor Swift - THE TORTURED POETS DEPARTMENT: THE ANTHOLOGY",ALBUM,UNKNOWN,20260318,813789,N/A,1773858767623,4,"Music, Pop","Taylor Swift"
"Taylor Swift - The Life of a Showgirl",ALBUM,UNKNOWN,20260117,505532,N/A,1768616705044,4,"Music, Pop","Taylor Swift"
"Taylor Swift - The Life of a Showgirl",ALBUM,UNKNOWN,20260123,6534037,N/A,1769212651909,32,"Music, Pop","Taylor Swift"
"Taylor Swift - The Life of a Showgirl",ALBUM,UNKNOWN,20260124,5421337,N/A,1769293660173,30,"Music, Pop","Taylor Swift"
"Taylor Swift - The Life of a Showgirl",ALBUM,UNKNOWN,20260125,2422196,N/A,1769355631495,13,"Music, Pop","Taylor Swift"
"Taylor Swift - The Life of a Showgirl",ALBUM,UNKNOWN,20260126,5257034,N/A,1769453301572,28,"Music, Pop","Taylor Swift"
"Taylor Swift - The Life of a Showgirl",ALBUM,UNKNOWN,20260127,1718696,N/A,1769535160419,10,"Music, Pop","Taylor Swift"
"Taylor Swift - The Life of a Showgirl",ALBUM,UNKNOWN,20260128,3403951,N/A,1769641990597,18,"Music, Pop","Taylor Swift"
"Taylor Swift - The Life of a Showgirl",ALBUM,UNKNOWN,20260130,514489,N/A,1769738796770,3,"Music, Pop","Taylor Swift"
"Taylor Swift - The Life of a Showgirl",ALBUM,UNKNOWN,20260131,253601,N/A,1769823428470,2,"Music, Pop","Taylor Swift"
"Taylor Swift - The Life of a Showgirl",ALBUM,UNKNOWN,20260201,1523926,N/A,1769979366356,9,"Music, Pop","Taylor Swift"
"Taylor Swift - The Life of a Showgirl",ALBUM,UNKNOWN,20260205,2506779,N/A,1770317255076,12,"Music, Pop","Taylor Swift"
"Taylor Swift - The Life of a Showgirl",ALBUM,UNKNOWN,20260211,1703401,N/A,1770850112539,12,"Music, Pop","Taylor Swift"
"Taylor Swift - The Life of a Showgirl",ALBUM,UNKNOWN,20260216,211454,N/A,1771213980244,1,"Music, Pop","Taylor Swift"
"Taylor Swift - The Life of a Showgirl",ALBUM,UNKNOWN,20260218,2505091,N/A,1771423018432,15,"Music, Pop","Taylor Swift"
"Taylor Swift - The Life of a Showgirl",ALBUM,UNKNOWN,20260221,576767,N/A,1771659430818,3,"Music, Pop","Taylor Swift"
"Taylor Swift - The Life of a Showgirl",ALBUM,UNKNOWN,20260227,2907102,N/A,1772235730761,14,"Music, Pop","Taylor Swift"
"Taylor Swift - The Life of a Showgirl",ALBUM,UNKNOWN,20260228,1901489,N/A,1772312876980,12,"Music, Pop","Taylor Swift"
"Taylor Swift - The Life of a Showgirl",ALBUM,UNKNOWN,20260317,37315,N/A,1773761972618,1,"Music, Pop","Taylor Swift"
"Taylor Swift - The Life of a Showgirl",ALBUM,UNKNOWN,20260320,61885,N/A,1774019901457,1,"Music, Pop","Taylor Swift"
"Taylor Swift - The Life of a Showgirl",ALBUM,UNKNOWN,20260321,7471706,N/A,1774127778568,38,"Music, Pop","Taylor Swift"
"Taylor Swift - The Life of a Showgirl",ALBUM,UNKNOWN,20260322,5420000,N/A,1774148891524,27,"Music, Pop","Taylor Swift"
"you were bigger than the whole sky",PLAYLIST,USER_PLAYLIST,20260116,584319,N/A,1768606698991,2,"Alternative, Music, Pop","John Paul White, Joy Williams, Phoebe Bridgers, Taylor Swift"
"you were bigger than the whole sky",PLAYLIST,USER_PLAYLIST,20260120,1102718,N/A,1768928121334,5,"Alternative, K-Pop, Music, Pop, Soundtrack","Billie Eilish, CHEN, Mandy Gonzalez, Taylor Swift"
"you were bigger than the whole sky",PLAYLIST,USER_PLAYLIST,20260214,2054556,N/A,1771096567214,12,"Alternative, Country, Music, Pop, Soundtrack","Billie Eilish, Glee Cast, Olivia Rodrigo, Phoebe Bridgers, Taylor Swift"
"you were bigger than the whole sky",PLAYLIST,USER_PLAYLIST,20260215,8326141,N/A,1771198108413,37,"Alternative, Country, K-Pop, Mandopop, Music, Musicals, Pop, Singer/Songwriter, Soundtrack, Soundtrack","'In The Heights' Original Broadway Company, Anthony Ramos, Corey Hawkins, Daphne Rubin-Vega, Dascha Polanco, Ed Sheeran, Elle McLemore, Girls' Generation, Gracie Abrams, Gregory Diaz IV, Jimmy Smits, Leslie Grace, Lin-Manuel Miranda, Mandy Gonzalez, Melissa Barrera, Noah Catala, Red Velvet, Sara Bareilles, Sia, Stephanie Beatriz, TAEYEON, Taylor Swift, 张艺兴"
"you were bigger than the whole sky",PLAYLIST,USER_PLAYLIST,20260216,11018303,N/A,1771265280531,50,"Alternative, Country, Hip Hop/Rap, Mandopop, Music, Musicals, Pop, R&B/Soul, Rap, Rock, Soundtrack, Soundtrack","Alicia Keys, Big Red Machine, Cher Lloyd, Glee Cast, Gracie Abrams, John Paul White, Joy Williams, Leslie Odom, Jr., Lin-Manuel Miranda, Little Mix, Olivia Rodrigo, Original Broadway Cast of ""Hamilton"", Phillipa Soo, Renée Elise Goldsberry, Taylor Swift, The National, 张艺兴"
"you were bigger than the whole sky",PLAYLIST,USER_PLAYLIST,20260217,5816840,N/A,1771314428162,28,"Alternative, Country, J-Pop, K-Pop, Mandopop, Music, Pop, Singer/Songwriter, Soundtrack","EXO, EXO-CBX, Ed Sheeran, Eva Noblezada, Olivia Rodrigo, Red Velvet, Taylor Swift, 张艺兴"
"you were bigger than the whole sky",PLAYLIST,USER_PLAYLIST,20260218,2908443,N/A,1771418889051,16,"Alternative, J-Pop, Music, Pop, Soundtrack","EXO-CBX, Glee Cast, Sara Bareilles, Sia, Taylor Swift"
"you were bigger than the whole sky",PLAYLIST,USER_PLAYLIST,20260220,4446293,N/A,1771604813417,21,"Alternative, Country, J-Pop, K-Pop, Music, Pop, Soundtrack","'In The Heights' Original Broadway Company, EXO-CBX, Glee Cast, John Paul White, Joy Williams, Lin-Manuel Miranda, Little Mix, Mandy Gonzalez, Olivia Rodrigo, Red Velvet, TAEYEON, Taylor Swift"
"Zara Larsson - Midnight Sun",ALBUM,UNKNOWN,20260313,3020669,N/A,1773428545235,17,"Music, Pop","Zara Larsson"
"Zara Larsson - Midnight Sun",ALBUM,UNKNOWN,20260315,4740968,N/A,1773610730512,28,"Music, Pop","Zara Larsson"
"Zara Larsson - Midnight Sun",ALBUM,UNKNOWN,20260316,8945414,N/A,1773698082819,50,"Music, Pop","Zara Larsson"
"Zara Larsson - Midnight Sun",ALBUM,UNKNOWN,20260317,7533792,N/A,1773791375827,41,"Music, Pop","Zara Larsson"
"Zara Larsson - Midnight Sun",ALBUM,UNKNOWN,20260318,5904664,N/A,1773873011799,35,"Music, Pop","Zara Larsson"
"Zara Larsson - Midnight Sun",ALBUM,UNKNOWN,20260319,170811,N/A,1773902274996,2,"Music, Pop","Zara Larsson"
"Zara Larsson - Midnight Sun",ALBUM,UNKNOWN,20260321,1043345,N/A,1774115099694,6,"Music, Pop","Zara Larsson"
"Taylor Swift - Midnights (The Late Night Edition)",ALBUM,UNKNOWN,20250324,541169,N/A,1742785029598,3,"Music, Pop","Taylor Swift"
"Taylor Swift - Midnights (The Late Night Edition)",ALBUM,UNKNOWN,20250325,133791,N/A,1742891335384,2,"Music, Pop","Taylor Swift"
"Taylor Swift - Midnights (The Late Night Edition)",ALBUM,UNKNOWN,20260118,200903,N/A,1768749185171,1,"Music, Pop","Taylor Swift"
"Taylor Swift - Midnights (The Late Night Edition)",ALBUM,UNKNOWN,20260123,1453906,N/A,1769135286419,8,"Music, Pop","Taylor Swift"
"Taylor Swift - Midnights (The Late Night Edition)",ALBUM,UNKNOWN,20260131,3834845,N/A,1769882921520,21,"Music, Pop","Taylor Swift"
"Taylor Swift - Midnights (The Late Night Edition)",ALBUM,UNKNOWN,20260209,2020367,N/A,1770650597468,12,"Music, Pop","Taylor Swift"
"Taylor Swift - Midnights (The Late Night Edition)",ALBUM,UNKNOWN,20260211,257556,N/A,1770829547991,2,"Music, Pop","Taylor Swift"
"Taylor Swift - Midnights (The Late Night Edition)",ALBUM,UNKNOWN,20260213,463959,N/A,1771028694108,2,"Music, Pop","Taylor Swift"
"Taylor Swift - Midnights (The Late Night Edition)",ALBUM,UNKNOWN,20260214,44989,N/A,1771028752361,1,"Music, Pop","Taylor Swift"
"Taylor Swift - Midnights (The Late Night Edition)",ALBUM,UNKNOWN,20260224,861822,N/A,1771976434494,4,"Music, Pop","Taylor Swift"
"Taylor Swift - Midnights (The Late Night Edition)",ALBUM,UNKNOWN,20260306,2042540,N/A,1772804784315,12,"Music, Pop","Taylor Swift"
"Taylor Swift - Midnights (The Late Night Edition)",ALBUM,UNKNOWN,20260307,328343,N/A,1772918316616,2,"Music, Pop","Taylor Swift"
"Taylor Swift - Midnights (The Late Night Edition)",ALBUM,UNKNOWN,20260308,2459382,N/A,1772994591301,14,"Music, Pop","Taylor Swift"
"Taylor Swift - Midnights (The Late Night Edition)",ALBUM,UNKNOWN,20260317,2099946,N/A,1773776587356,13,"Music, Pop","Taylor Swift"
"Taylor Swift - Midnights (The Late Night Edition)",ALBUM,UNKNOWN,20260321,6250448,N/A,1774127838953,31,"Music, Pop","Taylor Swift"
"auroras and sad prose",PLAYLIST,USER_PLAYLIST,20260118,5598123,N/A,1768769329269,26,"Alternative, K-Pop, Music, Pop, Rock, Soundtrack","BLACKPINK, Billie Eilish, CHEN, Cher Lloyd, Eva Noblezada, Kelley McRae, Reeve Carney, SUHO, Selena Gomez, Skylar Grey, TAEYEON, Taylor Swift"
"auroras and sad prose",PLAYLIST,USER_PLAYLIST,20260119,2011783,N/A,1768804765197,11,"Alternative, K-Pop, Music, Pop","BLACKPINK, Phoebe Bridgers, Red Velvet, SUHO, Selena Gomez, Taylor Swift"
"auroras and sad prose",PLAYLIST,USER_PLAYLIST,20260214,2534052,N/A,1771086363284,12,"Alternative, K-Pop, Music, Pop, Soundtrack","Big Red Machine, CHEN, Eva Noblezada, Jewelle Blackman, Kay Trinidad, Red Velvet, SUHO, Taylor Swift, Yvette Gonzalez-Nacer"
"auroras and sad prose",PLAYLIST,USER_PLAYLIST,20260221,2042311,N/A,1771718302134,10,"Alternative, K-Pop, Music, Pop, Rock, Soundtrack","Cher Lloyd, Eva Noblezada, Jewelle Blackman, Kay Trinidad, Phoebe Bridgers, Reeve Carney, SUHO, Song Young Joo, TAEYEON, Taylor Swift, Yvette Gonzalez-Nacer"
"auroras and sad prose",PLAYLIST,USER_PLAYLIST,20260222,8606185,N/A,1771729960572,25,"Alternative, K-Pop, Music, Pop, R&B/Soul, Soundtrack","CHEN, Eva Noblezada, Lorde, Phoebe Bridgers, Red Velvet, SUHO, Song Young Joo, Taylor Swift, The National, WENDY"
N/A,PLAYLIST,EDITORIAL_PLAYLIST,20260214,2064375,N/A,1771083204700,9,"Alternative, Music, Pop","Taylor Swift"
N/A,PLAYLIST,EDITORIAL_PLAYLIST,20260216,18431652,N/A,1771215559262,74,"Alternative, Country, Music, Pop","Taylor Swift"
"fever dream high",PLAYLIST,USER_PLAYLIST,20260121,11092168,N/A,1769036232453,57,"Alternative, Dance, Hip Hop/Rap, Hip-Hop, K-Pop, Music, Pop, Rock","BLACKPINK, Beyoncé, Dua Lipa, Fun., Girls' Generation, Harry Styles, ITZY, IVE, LE SSERAFIM, Little Mix, Nile Rodgers, One Direction, Red Velvet, Selena Gomez, TWICE, Taylor Swift"
"fever dream high",PLAYLIST,USER_PLAYLIST,20260124,1192931,N/A,1769273380842,8,"K-Pop, Latin, Music, Pop","Dua Lipa, Harry Styles, ITZY, Red Velvet, TWICE, Taylor Swift"
"fever dream high",PLAYLIST,USER_PLAYLIST,20260312,1360422,N/A,1773359983276,7,"Dance, K-Pop, Music, Pop","Dua Lipa, Fifth Harmony, ITZY, Little Mix, Red Velvet, TWICE"
"fever dream high",PLAYLIST,USER_PLAYLIST,20260313,5882517,N/A,1773428646417,34,"Asia, Dance, Hip Hop/Rap, Hip-Hop, K-Pop, Latin, Music, Pop, Rock, Teen Pop, World","Demi Lovato, Dua Lipa, Fifth Harmony, Girls' Generation, Harry Styles, ITZY, IVE, Little Mix, Red Velvet, TWICE, Taylor Swift, aespa"
"Ed Sheeran - - (Deluxe)",ALBUM,UNKNOWN,20260220,2839882,N/A,1771629150500,17,"Music, Pop","Ed Sheeran"
"Ed Sheeran - - (Deluxe)",ALBUM,UNKNOWN,20260221,297615,N/A,1771645727471,2,"Music, Pop","Ed Sheeran"
"Ed Sheeran - - (Deluxe)",ALBUM,UNKNOWN,20260223,9618661,N/A,1771859054974,31,"Music, Pop","Ed Sheeran"
"Ed Sheeran - - (Deluxe)",ALBUM,UNKNOWN,20260323,6565339,N/A,1774303152864,36,"Music, Pop","Ed Sheeran"
"Taylor Swift - Midnights (The Til Dawn Edition)",ALBUM,UNKNOWN,20260117,5046445,N/A,1768693192867,26,"Alternative, Music, Pop","Taylor Swift"
"Taylor Swift - Midnights (The Til Dawn Edition)",ALBUM,UNKNOWN,20260227,2828897,N/A,1772232822814,14,"Music, Pop","Taylor Swift"
"Taylor Swift - Midnights (The Til Dawn Edition)",ALBUM,UNKNOWN,20260305,2196303,N/A,1772738919245,12,"Music, Pop","Taylor Swift"
"Taylor Swift - Midnights (The Til Dawn Edition)",ALBUM,UNKNOWN,20260311,659483,N/A,1773232694811,4,"Music, Pop","Taylor Swift"
"Taylor Swift - Midnights (The Til Dawn Edition)",ALBUM,UNKNOWN,20260314,6553786,N/A,1773505818187,35,"Music, Pop","Taylor Swift"
"Taylor Swift - Midnights (The Til Dawn Edition)",ALBUM,UNKNOWN,20260315,693305,N/A,1773566301113,4,"Music, Pop","Taylor Swift"
"Various Artists - The Great Gatsby (Music from Baz Luhrmann's Film) [Deluxe Edition]",ALBUM,UNKNOWN,20260207,2707215,N/A,1770479604722,13,"Music, Soundtrack, Soundtrack","Coco O., Fergie, GoonRock, JAŸ-Z, Kanye West, Lana Del Rey, Q-Tip, will.i.am"
"Various Artists - The Great Gatsby (Music from Baz Luhrmann's Film) [Deluxe Edition]",ALBUM,UNKNOWN,20260208,2052514,N/A,1770577115777,9,"Music, Soundtrack, Soundtrack","Coco O., Fergie, Florence + the Machine, GoonRock, JAŸ-Z, Kanye West, Lana Del Rey, Nero, Q-Tip, will.i.am"
"Various Artists - The Great Gatsby (Music from Baz Luhrmann's Film) [Deluxe Edition]",ALBUM,UNKNOWN,20260209,1700983,N/A,1770673404485,8,"Music, Soundtrack, Soundtrack","Fergie, GoonRock, Lana Del Rey, Q-Tip"
"Various Artists - The Great Gatsby (Music from Baz Luhrmann's Film) [Deluxe Edition]",ALBUM,UNKNOWN,20260210,1068608,N/A,1770753982070,5,"Music, Soundtrack, Soundtrack","Fergie, GoonRock, Lana Del Rey, Q-Tip"
"Various Artists - The Great Gatsby (Music from Baz Luhrmann's Film) [Deluxe Edition]",ALBUM,UNKNOWN,20260211,329994,N/A,1770827068380,2,"Music, Soundtrack, Soundtrack","Coco O., Fergie, GoonRock, Q-Tip"
"Various Artists - The Great Gatsby (Music from Baz Luhrmann's Film) [Deluxe Edition]",ALBUM,UNKNOWN,20260212,634220,N/A,1770926860309,3,"Music, Soundtrack, Soundtrack","Fergie, GoonRock, Lana Del Rey, Q-Tip, Sia"
"Various Artists - The Great Gatsby (Music from Baz Luhrmann's Film) [Deluxe Edition]",ALBUM,UNKNOWN,20260213,337725,N/A,1771013043268,2,"Music, Soundtrack, Soundtrack","Fergie, GoonRock, Q-Tip, Sia"
"Various Artists - The Great Gatsby (Music from Baz Luhrmann's Film) [Deluxe Edition]",ALBUM,UNKNOWN,20260214,733476,N/A,1771040134049,4,"Music, Soundtrack, Soundtrack","Fergie, GoonRock, Lana Del Rey, Q-Tip"
"Various Artists - The Great Gatsby (Music from Baz Luhrmann's Film) [Deluxe Edition]",ALBUM,UNKNOWN,20260218,1100223,N/A,1771435962080,7,"Music, Soundtrack, Soundtrack","Coco O., Fergie, GoonRock, Lana Del Rey, Q-Tip"
"Various Artists - The Great Gatsby (Music from Baz Luhrmann's Film) [Deluxe Edition]",ALBUM,UNKNOWN,20260221,892276,N/A,1771716253138,4,"Music, Soundtrack, Soundtrack","Fergie, GoonRock, Lana Del Rey, Q-Tip"
"Various Artists - The Great Gatsby (Music from Baz Luhrmann's Film) [Deluxe Edition]",ALBUM,UNKNOWN,20260222,524704,N/A,1771793292278,3,"Music, Soundtrack, Soundtrack","Coco O., Fergie, GoonRock, Lana Del Rey, Q-Tip"
"Various Artists - The Great Gatsby (Music from Baz Luhrmann's Film) [Deluxe Edition]",ALBUM,UNKNOWN,20260224,2929544,N/A,1771961901259,13,"Music, Soundtrack, Soundtrack","Fergie, GoonRock, Lana Del Rey, Q-Tip"
"Various Artists - The Great Gatsby (Music from Baz Luhrmann's Film) [Deluxe Edition]",ALBUM,UNKNOWN,20260301,472822,N/A,1772327049570,2,"Music, Soundtrack, Soundtrack","Fergie, GoonRock, Lana Del Rey, Q-Tip"
"Various Artists - The Great Gatsby (Music from Baz Luhrmann's Film) [Deluxe Edition]",ALBUM,UNKNOWN,20260309,91685,N/A,1773094634507,1,"Music, Soundtrack, Soundtrack","Fergie, GoonRock, Q-Tip"
"Various Artists - The Great Gatsby (Music from Baz Luhrmann's Film) [Deluxe Edition]",ALBUM,UNKNOWN,20260311,941521,N/A,1773244866992,5,"Music, Soundtrack, Soundtrack","Fergie, GoonRock, JAŸ-Z, Kanye West, Lana Del Rey, Q-Tip, Sia"
"Various Artists - The Great Gatsby (Music from Baz Luhrmann's Film) [Deluxe Edition]",ALBUM,UNKNOWN,20260312,600069,N/A,1773358587159,4,"Music, Soundtrack, Soundtrack","Fergie, GoonRock, Lana Del Rey, Q-Tip"
"Various Artists - The Great Gatsby (Music from Baz Luhrmann's Film) [Deluxe Edition]",ALBUM,UNKNOWN,20260319,457717,N/A,1773945824919,2,"Music, Soundtrack, Soundtrack","Fergie, GoonRock, Lana Del Rey, Q-Tip"
"Harry Styles - Kiss All The Time. Disco, Occasionally.",ALBUM,UNKNOWN,20260123,352983,N/A,1769207860395,2,"Dance, Music, Pop","Harry Styles"
"Harry Styles - Kiss All The Time. Disco, Occasionally.",ALBUM,UNKNOWN,20260204,347843,N/A,1770211860891,2,"Dance, Music, Pop","Harry Styles"
"Harry Styles - Kiss All The Time. Disco, Occasionally.",ALBUM,UNKNOWN,20260210,115595,N/A,1770755553794,1,"Dance, Music, Pop","Harry Styles"
"Harry Styles - Kiss All The Time. Disco, Occasionally.",ALBUM,UNKNOWN,20260306,312165,N/A,1772811005587,1,"Dance, Music, Pop","Harry Styles"
"Harry Styles - Kiss All The Time. Disco, Occasionally.",ALBUM,UNKNOWN,20260309,2423921,N/A,1773089525070,12,"Dance, Music, Pop","Harry Styles"
"Harry Styles - Kiss All The Time. Disco, Occasionally.",ALBUM,UNKNOWN,20260311,1847200,N/A,1773230123269,9,"Music, Pop","Harry Styles"
"Harry Styles - Kiss All The Time. Disco, Occasionally.",ALBUM,UNKNOWN,20260319,1271169,N/A,1773929761717,7,"Dance, Music, Pop","Harry Styles"
"Harry Styles - Kiss All The Time. Disco, Occasionally.",ALBUM,UNKNOWN,20260320,3756433,N/A,1774046810072,23,"Dance, Music, Pop","Harry Styles"
"Harry Styles - Kiss All The Time. Disco, Occasionally.",ALBUM,UNKNOWN,20260321,4637129,N/A,1774130568826,16,"Dance, Music, Pop","Harry Styles"
"Harry Styles - Kiss All The Time. Disco, Occasionally.",ALBUM,UNKNOWN,20260322,685635,N/A,1774149578167,3,"Dance, Music, Pop","Harry Styles"
"Harry Styles - Kiss All The Time. Disco, Occasionally.",ALBUM,UNKNOWN,20260323,1159915,N/A,1774275982943,6,"Dance, Music, Pop","Harry Styles"
"Paris Paloma - Miyazaki - Single",ALBUM,UNKNOWN,20260317,823768,N/A,1773799042044,4,"Alternative, Music","Paris Paloma"
"Paris Paloma - Miyazaki - Single",ALBUM,UNKNOWN,20260318,5068818,N/A,1773881865230,23,"Alternative, Music","Paris Paloma"
"Paris Paloma - Miyazaki - Single",ALBUM,UNKNOWN,20260319,4357967,N/A,1773952913153,21,"Alternative, Music","Paris Paloma"
"Paris Paloma - Miyazaki - Single",ALBUM,UNKNOWN,20260320,111647,N/A,1773979932406,1,"Alternative, Music","Paris Paloma"
"Paris Paloma - Miyazaki - Single",ALBUM,UNKNOWN,20260321,2662452,N/A,1774113163959,13,"Alternative, Music","Paris Paloma"
"Paris Paloma - Miyazaki - Single",ALBUM,UNKNOWN,20260322,1638002,N/A,1774151232715,8,"Alternative, Music","Paris Paloma"
"Paris Paloma - Miyazaki - Single",ALBUM,UNKNOWN,20260323,60255,N/A,1774276044004,1,"Alternative, Music","Paris Paloma"
"going platinum",PLAYLIST,USER_PLAYLIST,20260116,314606,N/A,1768526546954,2,"Music, Pop","Taylor Swift"
"going platinum",PLAYLIST,USER_PLAYLIST,20260215,183109,N/A,1771189275170,2,"Music, Pop","Taylor Swift"
"going platinum",PLAYLIST,USER_PLAYLIST,20260222,4197585,N/A,1771734361783,21,"Alternative, Country, Music, Pop","Gracie Abrams, John Paul White, Joy Williams, Olivia Rodrigo, Reneé Rapp, Taylor Swift"
"going platinum",PLAYLIST,USER_PLAYLIST,20260223,3288818,N/A,1771888446717,16,"Alternative, Music, Pop","Gracie Abrams, Olivia Rodrigo, Taylor Swift"
"going platinum",PLAYLIST,USER_PLAYLIST,20260225,4017562,N/A,1772063644444,22,"Alternative, Music, Pop, Soundtrack, Soundtrack","Ed Sheeran, Fergie, GoonRock, Gracie Abrams, Olivia Rodrigo, Phoebe Bridgers, Q-Tip, Reneé Rapp, Taylor Swift"
N/A,PLAYLIST,EDITORIAL_PLAYLIST,20260211,584970,N/A,1770784347923,3,"Latin, Latin Urban, Music","Bad Bunny, Tego Calderón"
N/A,PLAYLIST,EDITORIAL_PLAYLIST,20260212,1173490,N/A,1770922835187,6,"Latin, Latin Urban, Music","Bad Bunny, Jowell & Randy, Rauw Alejandro, Ñengo Flow"
N/A,PLAYLIST,EDITORIAL_PLAYLIST,20260213,6788475,N/A,1771026786751,34,"Latin, Latin Urban, Music, Pop","Bad Bunny, Bruno Mars, Daddy Yankee, Don Omar, Héctor El Father, Jowell & Randy, Lady Gaga, Los Pleneros de la Cresta, Rauw Alejandro, Tego Calderón, Ñengo Flow"
N/A,PLAYLIST,EDITORIAL_PLAYLIST,20260214,2147625,N/A,1771030918803,11,"Latin, Latin Urban, Music","Bad Bunny, Don Omar, Héctor El Father, Rauw Alejandro"
N/A,PLAYLIST,EDITORIAL_PLAYLIST,20260226,777331,N/A,1772085094402,4,"Latin, Latin Urban, Music","Bad Bunny, Jowell & Randy, Rauw Alejandro, Ñengo Flow"
N/A,PLAYLIST,EDITORIAL_PLAYLIST,20260304,244451,N/A,1772663493738,1,"Latin, Music","Bad Bunny"
pt,PLAYLIST,USER_PLAYLIST,20260313,4353439,N/A,1773404423886,23,"Dance, J-Pop, K-Pop, Music, Pop","4Minute, CHUNG HA, EXO, Girls' Generation-TTS, Red Velvet, Red Velvet - IRENE & SEULGI, TWICE, aespa"
pt,PLAYLIST,USER_PLAYLIST,20260315,3981248,N/A,1773580007927,22,"Asia, Dance, Hip Hop/Rap, Hip-Hop, K-Pop, Music, Pop, Rock, Teen Pop, World","Bebe Rexha, CHUNG HA, Girls' Generation, HyunA, ITZY, IZ*ONE, KAI, LE SSERAFIM, Red Velvet, Red Velvet - IRENE & SEULGI, Sia, TAEMIN, TWICE, aespa"
pt,PLAYLIST,USER_PLAYLIST,20260317,2736211,N/A,1773760692550,16,"Hip Hop/Rap, Hip-Hop, K-Pop, Music, Pop, Rock, Soundtrack, Soundtrack","CHUNG HA, EVERGLOW, EXO, Fergie, Girls' Generation, GoonRock, ITZY, Olivia Rodrigo, Q-Tip, Red Velvet, Sia, TWICE, aespa"
"Gracie Abrams - The Secret of Us (Deluxe)",ALBUM,UNKNOWN,20260202,1354894,N/A,1770076003321,7,"Music, Pop","Gracie Abrams"
"Gracie Abrams - The Secret of Us (Deluxe)",ALBUM,UNKNOWN,20260203,3009068,N/A,1770151245708,15,"Music, Pop","Gracie Abrams"
"Gracie Abrams - The Secret of Us (Deluxe)",ALBUM,UNKNOWN,20260205,2010938,N/A,1770314426900,11,"Music, Pop","Gracie Abrams"
"Gracie Abrams - The Secret of Us (Deluxe)",ALBUM,UNKNOWN,20260222,2482601,N/A,1771798593118,13,"Music, Pop","Gracie Abrams"
"Gracie Abrams - The Secret of Us (Deluxe)",ALBUM,UNKNOWN,20260227,1328398,N/A,1772245873425,8,"Music, Pop","Gracie Abrams"
"Gracie Abrams - The Secret of Us (Deluxe)",ALBUM,UNKNOWN,20260228,596124,N/A,1772252688801,3,"Music, Pop","Gracie Abrams"
"Gracie Abrams - The Secret of Us (Deluxe)",ALBUM,UNKNOWN,20260301,123477,N/A,1772404710500,1,"Music, Pop","Gracie Abrams"
N/A,PLAYLIST,EDITORIAL_PLAYLIST,20260215,8060933,N/A,1771195118881,42,"Dance, Music, Pop, Rock","Alesso, David Guetta, Jelly Roll, OneRepublic, Timbaland"
N/A,PLAYLIST,EDITORIAL_PLAYLIST,20260218,1715113,N/A,1771413377392,7,"Music, Pop","OneRepublic, Timbaland"
N/A,PLAYLIST,EDITORIAL_PLAYLIST,20260303,1020489,N/A,1772576858375,6,"Dance, Music, Pop","David Guetta, OneRepublic"
"staring at the sunset",PLAYLIST,USER_PLAYLIST,20260121,7721952,N/A,1769009481395,32,"Adult Alternative, Alternative, Contemporary Singer/Songwriter, Electronic, Indie Rock, Music, Original Score, Pop, Rock, Singer/Songwriter, Soundtrack, Soundtrack","Birdy, Bon Iver, Coldplay, Ed Sheeran, Fun., Gracie Abrams, Kodaline, Lana Del Rey, M83, Of Monsters and Men, Owl City, Selena Gomez, Snow Patrol, The National"
"staring at the sunset",PLAYLIST,USER_PLAYLIST,20260214,2763969,N/A,1771076677089,11,"Adult Alternative, Alternative, Indie Rock, Music, Pop, Rock, Soundtrack","Bon Iver, Coldplay, Fun., Kodaline, Lana Del Rey, M83, Selena Gomez, Snow Patrol"
"staring at the sunset",PLAYLIST,USER_PLAYLIST,20260313,68302,N/A,1773430848436,1,"Music, Soundtrack, Soundtrack","Lana Del Rey"
N/A,PLAYLIST,EDITORIAL_PLAYLIST,20260206,3821138,N/A,1770404485665,21,"Alternative, Country, Music, Pop","Taylor Swift"
N/A,PLAYLIST,EDITORIAL_PLAYLIST,20260209,2177425,N/A,1770663818922,13,"Alternative, Country, Music, Pop","Taylor Swift"
N/A,PLAYLIST,EDITORIAL_PLAYLIST,20260210,2823129,N/A,1770760564394,14,"Alternative, Music, Pop","Taylor Swift"
N/A,PLAYLIST,EDITORIAL_PLAYLIST,20260211,1364561,N/A,1770832790116,9,"Country, Music, Pop","Taylor Swift"
"Taylor Swift - folklore: the long pond studio sessions (from the Disney+ special) [deluxe edition]",ALBUM,UNKNOWN,20260117,5387545,N/A,1768689500868,25,"Alternative, Music","Taylor Swift"
"Taylor Swift - folklore: the long pond studio sessions (from the Disney+ special) [deluxe edition]",ALBUM,UNKNOWN,20260119,165096,N/A,1768859859039,1,"Alternative, Music","Taylor Swift"
"Taylor Swift - folklore: the long pond studio sessions (from the Disney+ special) [deluxe edition]",ALBUM,UNKNOWN,20260206,1331989,N/A,1770408951162,6,"Alternative, Music","Taylor Swift"
"Taylor Swift - folklore: the long pond studio sessions (from the Disney+ special) [deluxe edition]",ALBUM,UNKNOWN,20260208,214674,N/A,1770537149860,1,"Alternative, Music","Taylor Swift"
"Taylor Swift - folklore: the long pond studio sessions (from the Disney+ special) [deluxe edition]",ALBUM,UNKNOWN,20260218,803323,N/A,1771415433401,3,"Alternative, Music","Taylor Swift"
"Taylor Swift - folklore: the long pond studio sessions (from the Disney+ special) [deluxe edition]",ALBUM,UNKNOWN,20260226,2007247,N/A,1772090426428,9,"Alternative, Music","Taylor Swift"
"Lorde - Solar Power",ALBUM,UNKNOWN,20260202,1693655,N/A,1770000029551,8,"Alternative, Music",Lorde
"Lorde - Solar Power",ALBUM,UNKNOWN,20260203,8091188,N/A,1770147640404,38,"Alternative, Music",Lorde
"Old Habits Die Screaming",PLAYLIST,USER_PLAYLIST,20260216,8283530,N/A,1771221047599,34,"Alternative, Country, Music, Pop, Soundtrack","Taylor Swift"
"EXO - REVERXE - The 8th Album",ALBUM,UNKNOWN,20260119,1361633,N/A,1768866716510,8,"K-Pop, Music, Pop",EXO
"EXO - REVERXE - The 8th Album",ALBUM,UNKNOWN,20260120,3423914,N/A,1768932494856,21,"K-Pop, Music, Pop",EXO
"EXO - REVERXE - The 8th Album",ALBUM,UNKNOWN,20260121,1036254,N/A,1769013787608,7,"K-Pop, Music, Pop",EXO
"EXO - REVERXE - The 8th Album",ALBUM,UNKNOWN,20260125,2176020,N/A,1769377634029,13,"K-Pop, Music, Pop",EXO
"warm house",PLAYLIST,USER_PLAYLIST,20260116,1089124,N/A,1768591422190,7,"Dance, K-Pop, Music, Pop","Audrey Hobert, FIFTY FIFTY, JENNIE, Tate McRae, Taylor Swift, Tiësto, aespa"
"warm house",PLAYLIST,USER_PLAYLIST,20260122,2143013,N/A,1769091888700,12,"Dance, K-Pop, Music, Pop, Rock, Soundtrack, World","Ava Max, Beyoncé, Dua Lipa, JENNIE, Little Mix, MARINA, Reneé Rapp, SHINee, Tate McRae, Taylor Swift"
"warm house",PLAYLIST,USER_PLAYLIST,20260123,4069503,N/A,1769211850458,27,"Alternative, Contemporary R&B, Dance, Electronic, Hip Hop/Rap, K-Pop, Music, Pop, R&B/Soul, Rock, Teen Pop","Audrey Hobert, Charli xcx, Destiny's Child, Dua Lipa, Ethel Cain, Gracie Abrams, JADE, JENNIE, Little Mix, Lorde, Ravyn Lenae, Red Velvet, Sabrina Carpenter, Selena Gomez, TWICE, Tate McRae, Taylor Swift"
"girlypop track beat",PLAYLIST,USER_PLAYLIST,20260313,5776775,N/A,1773448550311,31,"Alternative, Dance, Music, Pop, R&B/Soul, Soundtrack","Ariana Grande, Bebe Rexha, Beyoncé, David Guetta, Dua Lipa, Ed Sheeran, Harry Styles, Lorde, Miley Cyrus, Olivia Rodrigo, Sabrina Carpenter, Selena Gomez, Sia, Tate McRae, Taylor Swift, The Weeknd, Victoria Monét"
"girlypop track beat",PLAYLIST,USER_PLAYLIST,20260314,1036177,N/A,1773454718794,6,"Alternative, Dance, Music, Pop","Bebe Rexha, David Guetta, Lorde, Tate McRae, Taylor Swift"
"Sabrina Carpenter - Man’s Best Friend (Bonus Track Version)",ALBUM,UNKNOWN,20260131,1132527,N/A,1769829589025,7,"Music, Pop","Sabrina Carpenter"
"Sabrina Carpenter - Man’s Best Friend (Bonus Track Version)",ALBUM,UNKNOWN,20260201,846052,N/A,1769951249560,5,"Music, Pop","Sabrina Carpenter"
"Sabrina Carpenter - Man’s Best Friend (Bonus Track Version)",ALBUM,UNKNOWN,20260202,164902,N/A,1770064243569,2,"Music, Pop","Sabrina Carpenter"
"Sabrina Carpenter - Man’s Best Friend (Bonus Track Version)",ALBUM,UNKNOWN,20260314,3949123,N/A,1773527773182,22,"Music, Pop","Sabrina Carpenter"
"Sabrina Carpenter - Man’s Best Friend (Bonus Track Version)",ALBUM,UNKNOWN,20260315,622881,N/A,1773536384569,4,"Music, Pop","Sabrina Carpenter"
"Taylor Swift - 1989 (Taylor's Version) [Deluxe]",ALBUM,UNKNOWN,20260201,332965,N/A,1769991357236,1,"Music, Pop","Taylor Swift"
"Taylor Swift - 1989 (Taylor's Version) [Deluxe]",ALBUM,UNKNOWN,20260202,1082982,N/A,1769992850110,6,"Music, Pop","Taylor Swift"
"Taylor Swift - 1989 (Taylor's Version) [Deluxe]",ALBUM,UNKNOWN,20260225,4833625,N/A,1772003079843,24,"Music, Pop","Taylor Swift"
"Taylor Swift - 1989 (Taylor's Version) [Deluxe]",ALBUM,UNKNOWN,20260226,352678,N/A,1772080367772,2,"Music, Pop","Taylor Swift"
N/A,PLAYLIST,EDITORIAL_PLAYLIST,20260228,5703795,N/A,1772324631437,26,"Alternative, Country, Music, Pop","Taylor Swift"
N/A,PLAYLIST,EDITORIAL_PLAYLIST,20260301,580977,N/A,1772325255682,3,"Music, Pop","Taylor Swift"
N/A,UNKNOWN,UNKNOWN,20260211,2765799,N/A,1770853968667,4,N/A,N/A
N/A,UNKNOWN,UNKNOWN,20260212,1619978,N/A,1770922019620,2,N/A,N/A
N/A,UNKNOWN,UNKNOWN,20260217,810184,N/A,1771311386203,1,N/A,N/A
"Taylor Swift - folklore (deluxe version)",ALBUM,UNKNOWN,20260118,210341,N/A,1768747256572,1,"Alternative, Music","Taylor Swift"
"Taylor Swift - folklore (deluxe version)",ALBUM,UNKNOWN,20260215,1514659,N/A,1771127017757,8,"Alternative, Music","Taylor Swift"
"Taylor Swift - folklore (deluxe version)",ALBUM,UNKNOWN,20260320,3101151,N/A,1774023379572,14,"Alternative, Music","Taylor Swift"
"JENNIE - Ruby",ALBUM,UNKNOWN,20260205,799245,N/A,1770333486718,6,"K-Pop, Music, Pop",JENNIE
"JENNIE - Ruby",ALBUM,UNKNOWN,20260206,3935763,N/A,1770407751195,26,"K-Pop, Music, Pop","Childish Gambino, Doechii, Dominic Fike, Dua Lipa, FKJ, JENNIE, Kali Uchis"
"Taylor Swift - reputation",ALBUM,UNKNOWN,20260214,1601555,N/A,1771081361085,9,"Music, Pop","Taylor Swift"
"Taylor Swift - reputation",ALBUM,UNKNOWN,20260227,3033531,N/A,1772216768455,15,"Country, Music, Pop","Taylor Swift"
"EXO - REVERXE - The 8th Album Radio",RADIO,AUTOPLAY_RADIO_STATION,20260120,4535896,N/A,1768883314118,23,"Asia, Dance, Hip Hop/Rap, K-Pop, Korean Hip-Hop, Music, Pop, Pop/Rock, Rock, Teen Pop, World","BAEKHYUN, CHANYEOL, CHEN, EXO-CBX, EXO-K, EXO-SC, GOT7, MARK, Red Velvet, SISTAR, SUHO, XIUMIN, aespa"
"Bad Bunny - DeBÍ TiRAR MáS FOToS",ALBUM,UNKNOWN,20260205,478127,N/A,1770300606846,4,"Latin, Music","Bad Bunny"
"Bad Bunny - DeBÍ TiRAR MáS FOToS",ALBUM,UNKNOWN,20260211,1904016,N/A,1770833065295,12,"Latin, Music","Bad Bunny, Los Pleneros de la Cresta"
"Bad Bunny - DeBÍ TiRAR MáS FOToS",ALBUM,UNKNOWN,20260222,281439,N/A,1771792753487,2,"Latin, Music","Bad Bunny"
"Bad Bunny - DeBÍ TiRAR MáS FOToS",ALBUM,UNKNOWN,20260226,1454221,N/A,1772084315329,8,"Latin, Music","Bad Bunny, Los Pleneros de la Cresta"
"Taylor Swift - evermore (deluxe version)",ALBUM,UNKNOWN,20260117,3369331,N/A,1768686725142,14,"Alternative, Music","Taylor Swift"
"Taylor Swift - evermore (deluxe version)",ALBUM,UNKNOWN,20260118,516994,N/A,1768748925968,3,"Alternative, Music","Taylor Swift"
N/A,PLAYLIST,EDITORIAL_PLAYLIST,20260202,439241,N/A,1769997884243,2,"Dance, Music, Soundtrack","Charli xcx, Lorde"
N/A,PLAYLIST,EDITORIAL_PLAYLIST,20260203,3333530,N/A,1770139309767,18,"Alternative, Dance, Electronic, Music, Pop, Soundtrack","Charli xcx, Disclosure, Lorde"
"Olivia Rodrigo - GUTS (spilled)",ALBUM,UNKNOWN,20260204,2310876,N/A,1770255748369,12,"Music, Pop","Olivia Rodrigo"
"Olivia Rodrigo - GUTS (spilled)",ALBUM,UNKNOWN,20260227,1243375,N/A,1772218386931,9,"Music, Pop","Olivia Rodrigo"
N/A,PLAYLIST,EDITORIAL_PLAYLIST,20260210,1413779,N/A,1770755420154,7,"Latin, Latin Urban, Music","Bad Bunny, JHAYCO"
N/A,PLAYLIST,EDITORIAL_PLAYLIST,20260211,1429255,N/A,1770852707579,7,"Latin, Latin Urban, Music","Bad Bunny, J Balvin, JHAYCO"
N/A,PLAYLIST,EDITORIAL_PLAYLIST,20260226,648464,N/A,1772149076242,3,"Latin, Music","Bad Bunny, Rauw Alejandro"
N/A,PLAYLIST,EDITORIAL_PLAYLIST,20260204,1407929,N/A,1770231789084,8,"Dance, Music, Pop","Harry Styles"
N/A,PLAYLIST,EDITORIAL_PLAYLIST,20260205,1901602,N/A,1770314713775,9,"Dance, Music, Pop","Harry Styles"
"Tame Impala & JENNIE - Dracula (Remix) - Single",ALBUM,UNKNOWN,20260206,419738,N/A,1770393541035,2,"Alternative, Dance, Music","JENNIE, Tame Impala"
"Tame Impala & JENNIE - Dracula (Remix) - Single",ALBUM,UNKNOWN,20260207,135446,N/A,1770482382420,1,"Alternative, Dance, Music","JENNIE, Tame Impala"
"Tame Impala & JENNIE - Dracula (Remix) - Single",ALBUM,UNKNOWN,20260208,422321,N/A,1770574673032,2,"Alternative, Dance, Music","JENNIE, Tame Impala"
"Tame Impala & JENNIE - Dracula (Remix) - Single",ALBUM,UNKNOWN,20260214,313260,N/A,1771095559105,2,"Alternative, Dance, Music","JENNIE, Tame Impala"
"Tame Impala & JENNIE - Dracula (Remix) - Single",ALBUM,UNKNOWN,20260227,1948170,N/A,1772225186631,11,"Alternative, Dance, Music","JENNIE, Tame Impala"
"Taylor Swift & Ely Oaks - Opalite (Ely Oaks Remix) - Single",ALBUM,UNKNOWN,20260223,206603,N/A,1771881571369,1,"Music, Pop","Ely Oaks, Taylor Swift"
"Taylor Swift & Ely Oaks - Opalite (Ely Oaks Remix) - Single",ALBUM,UNKNOWN,20260225,1356696,N/A,1772003338746,8,"Music, Pop","Ely Oaks, Taylor Swift"
"Taylor Swift & Ely Oaks - Opalite (Ely Oaks Remix) - Single",ALBUM,UNKNOWN,20260228,1651707,N/A,1772315118690,9,"Music, Pop","Ely Oaks, Taylor Swift"
N/A,RADIO,QUERY_RADIO_STATION,20260117,2079730,N/A,1768676894862,13,"Alternative, Dance, Music, Pop","Ed Sheeran, GAYLE, Halsey, Joshua Bassett, Meghan Trainor, Olivia Rodrigo, One Direction, Pitbull, Sabrina Carpenter, Selena Gomez, Taylor Swift"
N/A,RADIO,QUERY_RADIO_STATION,20260118,59637,N/A,1768704533368,1,"Music, Pop",Madilyn
N/A,RADIO,QUERY_RADIO_STATION,20260120,1068063,N/A,1768945393834,5,"K-Pop, Music, Pop","070 Shake, BLACKPINK, Leah Kate, Maroon 5, Megan Thee Stallion, RAYE, Taylor Swift"
"kpop run",PLAYLIST,USER_PLAYLIST,20260123,3205369,N/A,1769210585107,16,"Dance, K-Pop, Music, Pop","BLACKPINK, Girls' Generation, JENNIE, LOONA, Red Velvet, aespa"
"Taylor Swift - 1989",ALBUM,UNKNOWN,20260116,431955,N/A,1768606761413,2,"Music, Pop","Taylor Swift"
"Taylor Swift - 1989",ALBUM,UNKNOWN,20260123,585602,N/A,1769134577399,3,"Music, Pop","Taylor Swift"
"Taylor Swift - 1989",ALBUM,UNKNOWN,20260201,453021,N/A,1769985877452,2,"Music, Pop","Taylor Swift"
"Taylor Swift - 1989",ALBUM,UNKNOWN,20260209,570920,N/A,1770613225586,3,"Music, Pop","Taylor Swift"
"Taylor Swift - 1989",ALBUM,UNKNOWN,20260228,1089816,N/A,1772296926012,6,"Music, Pop","Taylor Swift"
N/A,RADIO,"ARTIST_SHUFFLE_RADIO_STATION",20260121,3027658,EXO,1769039040711,15,"K-Pop, Music, Pop",EXO
"stars around my scars",PLAYLIST,USER_PLAYLIST,20260122,658689,N/A,1769100119962,3,"Adult Alternative, Alternative, Mandopop, Music, Pop, Rock","Coldplay, Taylor Swift, 张艺兴"
"stars around my scars",PLAYLIST,USER_PLAYLIST,20260321,2218748,N/A,1774111934938,11,"Alternative, Holiday, K-Pop, Music, Pop, Soundtrack","Ben Platt, BoA, CHEN, EXO, IRENE, KANGTA, KARINA, KUN, Kristolyn Lloyd, LEETEUK, Laura Dreyfuss, Leslie Odom, Jr., MARK, ONEW, Original Broadway Cast of Dear Evan Hansen, SUHO, TAEYEON, TAEYONG, Taylor Swift, U-KNOW, Will Roland"
"dressing for revenge",PLAYLIST,USER_PLAYLIST,20260119,85348,N/A,1768844734082,1,"K-Pop, Music, Pop",TAEYEON
"dressing for revenge",PLAYLIST,USER_PLAYLIST,20260120,313445,N/A,1768947269822,2,"Hip Hop/Rap, K-Pop, Music, Pop","CLC, aespa"
"dressing for revenge",PLAYLIST,USER_PLAYLIST,20260227,2462149,N/A,1772208167191,17,"Dance, Hip Hop/Rap, Hip-Hop, K-Pop, Music, Pop","BIBI, BLACKPINK, H.I.N.P (Hot Issue of Ntl. Producers), HyunA, ITZY, PRISTIN V, Red Velvet, Red Velvet - IRENE & SEULGI, SEULGI, SUNMI, TAEYEON, YURI, aespa, miss A"
"Sabrina Carpenter - Man’s Best Friend",ALBUM,UNKNOWN,20260116,863193,N/A,1768607983204,6,"Music, Pop","Sabrina Carpenter"
"Sabrina Carpenter - Man’s Best Friend",ALBUM,UNKNOWN,20260117,32585,N/A,1768608015913,1,"Music, Pop","Sabrina Carpenter"
"Sabrina Carpenter - Man’s Best Friend",ALBUM,UNKNOWN,20260122,411170,N/A,1769125509547,3,"Music, Pop","Sabrina Carpenter"
"Sabrina Carpenter - Man’s Best Friend",ALBUM,UNKNOWN,20260209,1273803,N/A,1770667254290,8,"Music, Pop","Sabrina Carpenter"
"Sabrina Carpenter - Man’s Best Friend",ALBUM,UNKNOWN,20260211,213743,N/A,1770827293687,1,"Music, Pop","Sabrina Carpenter"
N/A,RADIO,"ARTIST_SHUFFLE_RADIO_STATION",20260129,2149859,"Harry Styles",1769674314694,11,"Dance, Music, Pop","Harry Styles"
N/A,RADIO,"ARTIST_SHUFFLE_RADIO_STATION",20260130,460890,"Harry Styles",1769738229739,2,"Dance, Music, Pop","Harry Styles"
N/A,RADIO,"ARTIST_SHUFFLE_RADIO_STATION",20260131,151308,"Harry Styles",1769823580616,1,"Dance, Music, Pop","Harry Styles"
"Bleachers - The Complete Playlist",PLAYLIST,USER_PLAYLIST,20260121,503036,N/A,1769010630600,2,"Alternative, Music",Bleachers
"Bleachers - The Complete Playlist",PLAYLIST,USER_PLAYLIST,20260206,1384061,N/A,1770337776073,8,"Alternative, Music",Bleachers
"Bleachers - The Complete Playlist",PLAYLIST,USER_PLAYLIST,20260214,859822,N/A,1771100004232,4,"Alternative, Music","Bleachers, Carly Rae Jepsen"
N/A,RADIO,"ARTIST_SHUFFLE_RADIO_STATION",20260309,2692992,"Tate McRae",1773084557645,18,"Alternative, Music, Pop","Tate McRae"
"Reneé Rapp - Everything To Everyone (Deluxe)",ALBUM,UNKNOWN,20260225,2675147,N/A,1772051223802,19,"Music, Pop","Reneé Rapp"
"Air - The Virgin Suicides Redux",ALBUM,UNKNOWN,20260204,2614021,N/A,1770246818237,15,"Electronic, Music",Air
N/A,PLAYLIST,EDITORIAL_PLAYLIST,20260128,2484533,N/A,1769634003876,15,"K-Pop, Music, Pop",TWICE
"Taylor Swift - The Life of a Showgirl",ALBUM,UNKNOWN,20260121,1001531,N/A,1769018055826,6,"Music, Pop","Taylor Swift"
"Taylor Swift - The Life of a Showgirl",ALBUM,UNKNOWN,20260315,603907,N/A,1773619049687,3,"Music, Pop","Taylor Swift"
"Taylor Swift - The Life of a Showgirl",ALBUM,UNKNOWN,20260316,788884,N/A,1773626038199,5,"Music, Pop","Taylor Swift"
"Beyoncé - RENAISSANCE",ALBUM,UNKNOWN,20260313,1254292,N/A,1773446354509,6,"Dance, Music, Pop",Beyoncé
"Beyoncé - RENAISSANCE",ALBUM,UNKNOWN,20260314,1124192,N/A,1773457855566,5,"Music, Pop",Beyoncé
"Beyoncé - COWBOY CARTER",ALBUM,UNKNOWN,20260313,2364054,N/A,1773445099446,13,"Country, Music, Pop","Beyoncé, Brittney Spencer, Linda Martell, Reyna Roberts, Rumi Carter, Shaboozey, Tanner Adell, Tiera Kennedy, Willie Jones, Willie Nelson"
N/A,PLAYLIST,"UPBEAT_PERSONAL_MIX_PLAYLIST",20260225,1269800,N/A,1772048539079,9,"Electronic, J-Pop, K-Pop, Music, Pop, R&B/Soul","Charli xcx, Ed Sheeran, LANY, Red Velvet, Rihanna, TWICE, Taylor Swift, aespa, izna"
N/A,PLAYLIST,"UPBEAT_PERSONAL_MIX_PLAYLIST",20260226,1046018,N/A,1772077291243,7,"K-Pop, Music, Pop","Little Mix, Louis Tomlinson, Red Velvet, aespa"
N/A,PLAYLIST,"NEW_RELEASES_PERSONAL_MIX_PLAYLIST",20260313,2278083,N/A,1773410280065,13,"African, Afro-Beat, Alternative, Country, Electronic, Indie Pop, Music, Pop, Psychedelic, Rock, Singer/Songwriter, Teen Pop","Avery Anna, Gracie Abrams, Harry Styles, Haven Madison, Hilary Duff, LILIana, Lara Buchanan, Lauv, Leanna Firestone, Mumford & Sons, Taylor Bickett, Your Daughter's Father, kenzie, sombr"
"Recently Played",PLAYLIST,USER_PLAYLIST,20260120,731033,N/A,1768929450298,4,"K-Pop, Music, Pop","CHEN, EXO, Ed Sheeran, Taylor Swift"
"Recently Played",PLAYLIST,USER_PLAYLIST,20260121,1281362,N/A,1769047289902,5,"K-Pop, Music, Pop","EXO, Ed Sheeran, Red Velvet, Taylor Swift"
"Recently Played",PLAYLIST,USER_PLAYLIST,20260122,198044,N/A,1769047491245,2,"Alternative, K-Pop, Music, Pop","BAEKHYUN, Taylor Swift"
"Bad Bunny - EL ÚLTIMO TOUR DEL MUNDO",ALBUM,UNKNOWN,20260218,617623,N/A,1771448307501,4,"Latin, Latin Urban, Music","Bad Bunny, JHAYCO"
"Bad Bunny - EL ÚLTIMO TOUR DEL MUNDO",ALBUM,UNKNOWN,20260219,649263,N/A,1771517030362,4,"Latin, Latin Urban, Music","Bad Bunny, JHAYCO"
"Bad Bunny - EL ÚLTIMO TOUR DEL MUNDO",ALBUM,UNKNOWN,20260225,747333,N/A,1771983043655,4,"Latin, Latin Urban, Music","Bad Bunny, JHAYCO"
N/A,PLAYLIST,EDITORIAL_PLAYLIST,20260124,1204597,N/A,1769283491956,7,"Alternative, Dance, Indie Rock, Music, Pop","Bruno Mars, Harry Styles, RAYE, Sabrina Carpenter, Taylor Swift, Teddy Swims, sombr"
N/A,PLAYLIST,EDITORIAL_PLAYLIST,20260128,344509,N/A,1769630593161,2,"Dance, Music, Pop, R&B/Soul","Chris Brown, Harry Styles"
N/A,PLAYLIST,EDITORIAL_PLAYLIST,20260129,312081,N/A,1769672131606,1,"Dance, Music, Pop","Harry Styles"
N/A,PLAYLIST,"REPLAY_PERSONAL_MIX_PLAYLIST",20260204,1584239,N/A,1770210744170,9,"Alternative, Music, Pop","Taylor Swift, t.A.T.u."
N/A,PLAYLIST,EDITORIAL_PLAYLIST,20260116,64310,N/A,1768525340416,1,"Music, Pop","Sabrina Carpenter"
N/A,PLAYLIST,EDITORIAL_PLAYLIST,20260205,1310962,N/A,1770338971151,8,"Dance, K-Pop, Music, Pop","Alex Warren, BLACKPINK, Charli xcx, Dua Lipa, Gracie Abrams, Harry Styles, JENNIE, PinkPantheress, Tate McRae"
N/A,PLAYLIST,EDITORIAL_PLAYLIST,20260206,191356,N/A,1770407865788,2,"Alternative, Music, Pop","Billie Eilish, Tate McRae"
N/A,RADIO,AUTOPLAY_RADIO_STATION,20260303,1457896,N/A,1772509764442,7,"Music, Pop","Taylor Swift"
"Taylor Swift - Red (Taylor's Version) [Video Deluxe]",ALBUM,UNKNOWN,20260302,1455451,N/A,1772475641016,6,"Music, Pop","Taylor Swift"
N/A,RADIO,PERSONAL_RADIO_STATION,20260116,807391,N/A,1768602893755,5,"Alternative, Dance, Electronic, House, Music, Pop, Rock, Teen Pop","Bleachers, Harry Styles, Lady Gaga, Selena Gomez, Taylor Swift"
N/A,RADIO,PERSONAL_RADIO_STATION,20260203,40926,N/A,1770094923827,1,"Music, Pop","Ariana Grande"
N/A,RADIO,PERSONAL_RADIO_STATION,20260227,511362,N/A,1772229992835,3,"Alternative, Music, Pop","Lorde, Taylor Swift, Tristan"
"Taylor Swift - The Life of a Showgirl Radio",RADIO,AUTOPLAY_RADIO_STATION,20260205,1313088,N/A,1770323837340,7,"Alternative, Music, Pop","Ariana Grande, Gracie Abrams, Harry Styles, Justin Bieber, Lorde, Olivia Rodrigo, Sabrina Carpenter"
"Taylor Swift - evermore",ALBUM,UNKNOWN,20260118,244208,N/A,1768746787036,1,"Alternative, Music","Taylor Swift"
"Taylor Swift - evermore",ALBUM,UNKNOWN,20260218,923971,N/A,1771414589513,4,"Alternative, Music","Taylor Swift"
N/A,RADIO,"ARTIST_SHUFFLE_RADIO_STATION",20260124,1164076,"Red Velvet",1769265620113,6,"K-Pop, Music, Pop","Red Velvet"
N/A,PLAYLIST,"FAVOURITE_PERSONAL_MIX_PLAYLIST",20260217,52570,N/A,1771316903564,1,"Music, Pop","Little Mix"
N/A,PLAYLIST,"FAVOURITE_PERSONAL_MIX_PLAYLIST",20260309,99301,N/A,1773098586836,1,"Music, Pop","Little Mix"
N/A,PLAYLIST,"FAVOURITE_PERSONAL_MIX_PLAYLIST",20260321,1010663,N/A,1774083539057,5,"Alternative, Music, Pop, Rock","Alexx Calise, Billie Eilish, Ed Sheeran, Olivia Rodrigo, Reneé Rapp"
"Taylor Swift - Lover",ALBUM,UNKNOWN,20260206,801370,N/A,1770405297576,4,"Music, Pop","Taylor Swift"
"Taylor Swift - Lover",ALBUM,UNKNOWN,20260320,359024,N/A,1774020261119,2,"Music, Pop","Taylor Swift"
"EXO - LOTTO - The 3rd Album Repackage",ALBUM,UNKNOWN,20260119,738419,N/A,1768865348651,5,"K-Pop, Music, Pop",EXO
"EXO - LOTTO - The 3rd Album Repackage",ALBUM,UNKNOWN,20260122,348639,N/A,1769114409946,2,"K-Pop, Music, Pop",EXO
"Bleachers - everyone for ten minutes",ALBUM,UNKNOWN,20260226,470086,N/A,1772087603375,2,"Alternative, Music",Bleachers
"Bleachers - everyone for ten minutes",ALBUM,UNKNOWN,20260311,614717,N/A,1773220740521,3,"Alternative, Music",Bleachers
"aespa - Armageddon - The 1st Album",ALBUM,UNKNOWN,20260203,1078776,N/A,1770157755320,5,"K-Pop, Music, Pop",aespa
N/A,PLAYLIST,EDITORIAL_PLAYLIST,20260222,492070,N/A,1771786655261,3,"Music, Pop","Dua Lipa, Elton John"
N/A,PLAYLIST,EDITORIAL_PLAYLIST,20260309,549184,N/A,1773095610783,4,"Dance, Music, Pop, Reggae","Calvin Harris, Dua Lipa, Sean Paul"
N/A,PLAYLIST,EDITORIAL_PLAYLIST,20260228,1000954,N/A,1772316143228,5,"Country, Music, Pop","Taylor Swift"
"Red Velvet - Be Natural (feat. TAEYONG) Radio",RADIO,AUTOPLAY_RADIO_STATION,20260120,963559,N/A,1768931789205,5,"Hip Hop/Rap, Hip-Hop, K-Pop, Music, Pop","EVERGLOW, ITZY, SEULGI, TWICE, aespa"
N/A,PLAYLIST,EDITORIAL_PLAYLIST,20260203,898153,N/A,1770159249471,7,"Dubstep, Electronic, K-Pop, Music, Pop","CHUNG HA, EVERGLOW, ITZY, IZ*ONE, Red Velvet - IRENE & SEULGI, TREASURE, TWICE"
"Taylor Swift - Anti-Hero (feat. Bleachers) - Single",ALBUM,UNKNOWN,20260322,875816,N/A,1774161455386,5,"Music, Pop","Taylor Swift"
"Taylor Swift - I Can Do It With a Broken Heart - Single",ALBUM,UNKNOWN,20260217,436879,N/A,1771373553255,2,"Music, Pop","Taylor Swift"
"Taylor Swift - I Can Do It With a Broken Heart - Single",ALBUM,UNKNOWN,20260218,405793,N/A,1771373958860,2,"Music, Pop","Taylor Swift"
"Bad Bunny - Super Bowl LX Halftime Show (Live) - EP",ALBUM,UNKNOWN,20260213,821327,N/A,1770942293762,1,"Latin, Music","Bad Bunny"
"Taylor Swift - The Life of a Showgirl",ALBUM,UNKNOWN,20260211,813879,N/A,1770789337679,4,"Music, Pop","Taylor Swift"
"Zara Larsson - Lush Life (The Remixes) - Single",ALBUM,UNKNOWN,20260128,480831,N/A,1769643328767,3,"Dance, Music, Pop","Zara Larsson"
"Zara Larsson - Lush Life (The Remixes) - Single",ALBUM,UNKNOWN,20260129,296135,N/A,1769671818449,2,"Dance, Music, Pop","Zara Larsson"
"JENNIE - Ruby (The Complete Collection)",ALBUM,UNKNOWN,20260306,339519,N/A,1772841096512,2,"K-Pop, Music, Pop",JENNIE
"JENNIE - Ruby (The Complete Collection)",ALBUM,UNKNOWN,20260309,407184,N/A,1773090848914,3,"K-Pop, Music, Pop",JENNIE
N/A,RADIO,QUERY_RADIO_STATION,20260119,723651,N/A,1768853021422,5,"Alternative, Folk, Music, Pop","Gracie Abrams, Moriah Bailey, Phoebe Bridgers, Taylor Swift"
"Taylor Swift - Opalite - Single",ALBUM,UNKNOWN,20260206,711295,N/A,1770407630916,3,"Music, Pop","Taylor Swift"
"Mitski - Nothing's About to Happen to Me",ALBUM,UNKNOWN,20260304,707899,N/A,1772603674359,4,"Alternative, Music",Mitski
"Taylor Swift - The Life of a Showgirl + “A Look Behind the Curtain”",ALBUM,UNKNOWN,20260118,321173,N/A,1768750180485,2,"Music, Pop","Taylor Swift"
"Taylor Swift - The Life of a Showgirl + “A Look Behind the Curtain”",ALBUM,UNKNOWN,20260127,369206,N/A,1769556232598,2,"Music, Pop","Taylor Swift"
"snowed in",PLAYLIST,USER_PLAYLIST,20260126,686436,N/A,1769404581843,3,"Alternative, Music","Lorde, Taylor Swift"
"Favorite Songs",PLAYLIST,FAVORITE_SONGS_PLAYLIST,20260117,492899,N/A,1768622464671,2,"Music, Pop","Taylor Swift"
"Favorite Songs",PLAYLIST,FAVORITE_SONGS_PLAYLIST,20260222,148779,N/A,1771730111940,1,"Alternative, Dance, Music","JENNIE, Tame Impala"
"Gracie Abrams - The Secret of Us (Deluxe)",ALBUM,UNKNOWN,20260205,639832,N/A,1770302001787,4,"Music, Pop","Gracie Abrams"
"Taylor Swift & BUNT. - Opalite (BUNT. Remix) - Single",ALBUM,UNKNOWN,20260223,624335,N/A,1771882214485,3,"Music, Pop","BUNT., Taylor Swift"
"Taylor Swift - Speak Now (Deluxe Edition)",ALBUM,UNKNOWN,20260206,541770,N/A,1770416922882,3,"Music, Pop","Taylor Swift"
"Taylor Swift - Speak Now (Deluxe Edition)",ALBUM,UNKNOWN,20260209,74944,N/A,1770612131033,1,"Music, Pop","Taylor Swift"
"Taylor Swift - Red (Taylor’s Version): The Slow Motion Chapter",ALBUM,UNKNOWN,20260118,614749,N/A,1768748688903,1,"Music, Pop","Taylor Swift"
N/A,RADIO,QUERY_RADIO_STATION,20260116,601150,N/A,1768599377904,3,"Music, Pop, Rock","COIN, Conan Gray, Harry Styles"
"You Don't Get To Tell Me About Sad",PLAYLIST,USER_PLAYLIST,20260221,600832,N/A,1771700026273,4,"Country, Music, Pop","Taylor Swift"
"Sabrina Carpenter - Short n' Sweet (Deluxe)",ALBUM,UNKNOWN,20260203,585194,N/A,1770151865848,4,"Music, Pop","Sabrina Carpenter"
"Red Velvet - IRENE & SEULGI - TILT - The 2nd Mini Album - EP",ALBUM,UNKNOWN,20260119,544201,N/A,1768846081424,4,"K-Pop, Music, Pop","Red Velvet - IRENE & SEULGI"
"Taylor Swift & Skream - Opalite (Skream Remix) - Single",ALBUM,UNKNOWN,20260221,276203,N/A,1771692097037,2,"Music, Pop","Skream, Taylor Swift"
"Taylor Swift & Skream - Opalite (Skream Remix) - Single",ALBUM,UNKNOWN,20260223,235595,N/A,1771882475052,1,"Music, Pop","Skream, Taylor Swift"
N/A,PLAYLIST,"REPLAY_PERSONAL_MIX_PLAYLIST",20260119,245681,N/A,1768805381258,1,"Music, Pop","Taylor Swift"
N/A,PLAYLIST,"REPLAY_PERSONAL_MIX_PLAYLIST",20260202,259684,N/A,1770064514582,2,"Alternative, Music, Pop","Bleachers, Taylor Swift"
"EXO - OBSESSION - The 6th Album",ALBUM,UNKNOWN,20260122,504255,N/A,1769109943075,4,"K-Pop, Music, Pop",EXO
"Various Artists - The Hunger Games: Catching Fire (Original Motion Picture Soundtrack) [Deluxe Edition]",ALBUM,UNKNOWN,20260221,233460,N/A,1771705159783,2,"Music, Original Score, Soundtrack, Soundtrack","Lorde, Santigold"
"Various Artists - The Hunger Games: Catching Fire (Original Motion Picture Soundtrack) [Deluxe Edition]",ALBUM,UNKNOWN,20260222,258235,N/A,1771734649075,1,"Music, Original Score, Soundtrack, Soundtrack",Sia
"Taylor Swift & Chris Lake - Opalite (Chris Lake Remix) - Single",ALBUM,UNKNOWN,20260221,458238,N/A,1771687041886,2,"Music, Pop","Chris Lake, Taylor Swift"
"TWICE - Feel Special",ALBUM,UNKNOWN,20260128,443426,N/A,1769634902043,3,"K-Pop, Music, Pop",TWICE
"Taylor Swift - THE TORTURED POETS DEPARTMENT",ALBUM,UNKNOWN,20260118,436117,N/A,1768747716435,2,"Music, Pop","Taylor Swift"
N/A,PLAYLIST,EDITORIAL_PLAYLIST,20260116,411407,N/A,1768603220402,3,"Music, Pop","Taylor Swift"
N/A,RADIO,"ARTIST_SHUFFLE_RADIO_STATION",20260226,404865,Bleachers,1772088019971,2,"Alternative, Music",Bleachers
N/A,PLAYLIST,EDITORIAL_PLAYLIST,20260124,215539,N/A,1769263324571,1,"Alternative, Music",Bleachers
N/A,PLAYLIST,EDITORIAL_PLAYLIST,20260226,178899,N/A,1772088216465,1,"Alternative, Music",Bleachers
"Maroon 5 - V",ALBUM,UNKNOWN,20260116,384834,N/A,1768527065294,2,"Music, Pop","Maroon 5"
"EXO - EX’ACT - The 3rd Album",ALBUM,UNKNOWN,20260122,355687,N/A,1769109438035,3,"K-Pop, Music, Pop",EXO
"Taylor Swift - THE TORTURED POETS DEPARTMENT: THE ANTHOLOGY",ALBUM,UNKNOWN,20260307,334084,N/A,1772901249535,1,"Music, Pop","Taylor Swift"
"Bleachers - Merry Christmas, Please Don't Call - Single",ALBUM,UNKNOWN,20250328,326343,N/A,1743165571696,2,"Alternative, Music",Bleachers
"Taylor Swift - 1989 (Deluxe Edition)",ALBUM,UNKNOWN,20260118,322227,N/A,1768750285564,2,"Music, Pop","Taylor Swift"
"Cher Lloyd - Sorry I'm Late",ALBUM,UNKNOWN,20260119,306986,N/A,1768806028587,2,"Music, Pop, Rock","Cher Lloyd"
"Various Artists - The Hunger Games: Mockingjay, Pt. 1 (Original Motion Picture Soundtrack)",ALBUM,UNKNOWN,20260221,297367,N/A,1771705501129,2,"Music, Soundtrack","Lorde, Stromae"
"Harry Styles - Harry's House",ALBUM,UNKNOWN,20260204,288367,N/A,1770230191842,3,"Music, Pop","Harry Styles"
N/A,PLAYLIST,"REPLAY_PERSONAL_MIX_PLAYLIST",20260117,246463,N/A,1768667639207,2,"Music, Pop","Taylor Swift"
N/A,PLAYLIST,"REPLAY_PERSONAL_MIX_PLAYLIST",20260119,41501,N/A,1768805136278,1,"Music, Pop","Taylor Swift"
N/A,PLAYLIST,EDITORIAL_PLAYLIST,20260207,233899,N/A,1770435986710,1,"Music, Soundtrack, Soundtrack","Lana Del Rey"
N/A,RADIO,QUERY_RADIO_STATION,20260117,230280,N/A,1768628728753,1,"Music, Pop","Gracie Abrams"
"Taylor Swift - Midnights (3am Edition)",ALBUM,UNKNOWN,20260118,212862,N/A,1768748984906,2,"Music, Pop","Taylor Swift"
"Taylor Swift - The Life of a Showgirl (Track by Track Version)",ALBUM,UNKNOWN,20260118,208510,N/A,1768740721680,1,"Music, Pop","Taylor Swift"
N/A,RADIO,QUERY_RADIO_STATION,20260117,207154,N/A,1768682441039,1,"Music, Pop","Harry Styles"
N/A,PLAYLIST,EDITORIAL_PLAYLIST,20260304,201386,N/A,1772662936880,1,"Music, Pop","Zara Larsson"
"BAEKHYUN & Loco - YOUNG - Single",ALBUM,UNKNOWN,20260122,200867,N/A,1769100192126,2,"K-Pop, Music, Pop","BAEKHYUN, Loco"
"aespa - MY WORLD - The 3rd Mini Album - EP",ALBUM,UNKNOWN,20260120,193711,N/A,1768889805186,1,"K-Pop, Music, Pop",aespa
"Minnz Piano - Red: Piano Instrumentals (The Complete Collection)",ALBUM,UNKNOWN,20260204,180602,N/A,1770244149575,1,"Music, Pop","Minnz Piano"
"Olivia Rodrigo, Rachel Zegler & Flatland Cavalry - The Hunger Games: The Ballad of Songbirds & Snakes (Music From & Inspired By)",ALBUM,UNKNOWN,20260221,180157,N/A,1771705918055,2,"Music, Soundtrack","Rachel Zegler"
N/A,PLAYLIST,EDITORIAL_PLAYLIST,20260204,179013,N/A,1770231998693,1,"Music, Pop","Olivia Rodrigo"
"Taylor Swift & The Chainsmokers - The Fate of Ophelia (The Chainsmokers Remix) - Single",ALBUM,UNKNOWN,20260201,176058,N/A,1769985400878,1,"Music, Pop","Taylor Swift, The Chainsmokers"
"My Top Rated",PLAYLIST,USER_PLAYLIST,20260128,156237,N/A,1769630749928,1,"Electronic, Music","Alan Walker, 张艺兴"
"SEULGI, SinB, CHUNG HA & JEON SOYEON - Wow Thing Radio",RADIO,AUTOPLAY_RADIO_STATION,20260122,149363,N/A,1769051984134,1,"K-Pop, Music, Pop",aespa
"Reneé Rapp - Snow Angel (Deluxe)",ALBUM,UNKNOWN,20260203,146419,N/A,1770152024885,1,"Music, Pop","Reneé Rapp"
N/A,PLAYLIST,EDITORIAL_PLAYLIST,20260309,145760,N/A,1773099303439,1,"Music, Pop",RAYE
"AGNEZ MO - SHUT 'EM UP",ALBUM,UNKNOWN,20250328,136273,N/A,1743165708782,1,"Music, R&B/Soul","AGNEZ MO"
"Tate McRae - SO CLOSE TO WHAT??? (deluxe)",ALBUM,UNKNOWN,20260116,127690,N/A,1768526643375,1,"Music, Pop","Tate McRae"
N/A,RADIO,"ARTIST_SHUFFLE_RADIO_STATION",20260119,122734,aespa,1768844219550,1,"K-Pop, Music, Pop",aespa
"aespa - Next Level - Single",ALBUM,UNKNOWN,20260218,118563,N/A,1771413518237,1,"K-Pop, Music, Pop",aespa
"Old Habits Die Screaming Songs",PLAYLIST,EDITORIAL_PLAYLIST,20260116,96630,N/A,1768598757373,1,"Music, Pop","Taylor Swift"
N/A,UNKNOWN,UNKNOWN,20260304,90359,N/A,1772665063586,1,N/A,N/A
"Taylor Swift - Taylor Swift Karaoke: reputation",ALBUM,UNKNOWN,20260118,49436,N/A,1768748737580,1,"Music, Pop","Taylor Swift"
"Gryffin - Love in Ruins (feat. Sinead Harnett) - Single",ALBUM,UNKNOWN,20260120,47958,N/A,1768890855710,1,"Dance, Music",Gryffin
"Charli xcx - Wuthering Heights",ALBUM,UNKNOWN,20260213,31863,N/A,1770999609797,1,"Music, Pop","Charli xcx, John Cale"
"Luca Longobardi - Vincent - EP",ALBUM,UNKNOWN,20260204,30872,N/A,1770244191694,1,"Alternative, Music","Luca Longobardi"
"Cher Lloyd - Sirens Radio",RADIO,AUTOPLAY_RADIO_STATION,20260119,30317,N/A,1768805720215,1,"Music, Pop","Sabrina Carpenter"
"Zara Larsson - Midnight Sun (+ more)- Single",ALBUM,UNKNOWN,20260309,30190,N/A,1773099157499,1,"Music, Pop","Zara Larsson"
