"Total Plays","Last Plays in Sequence","Entry Creation Date","Entry Modification Date","Container Type","Container Description","Track Description","Ignore for recommendations",Country,"Container Reference","Track Reference"
1259,1,2026-03-23T22:57:52.805Z,2026-03-23T22:57:53.273Z,Playlist,N/A,N/A,false,"United States","pl.pm-01ed408c735a7f33840ff8e1e2e3a28a",N/A
103,1,2026-03-23T22:47:02.047Z,2026-03-23T22:47:02.176Z,Album,"Ed Sheeran - - (Deluxe)",N/A,false,"United States",1673804537,N/A
75,1,2026-03-23T14:26:23.911Z,2026-03-23T14:26:23.934Z,Album,"Paris Paloma - Miyazaki - Single",N/A,false,"United States",1879636239,N/A
103,1,2026-03-23T14:22:47.902Z,2026-03-23T14:22:48.177Z,Album,"Harry Styles - Kiss All The Time. Disco, Occasionally.",N/A,false,"United States",1870984032,N/A
4,1,2026-03-22T06:34:35.772Z,2026-03-22T06:34:36.029Z,Album,"Taylor Swift - Anti-Hero (feat. Bleachers) - Single",N/A,false,"United States",1653491121,N/A
2,1,2026-03-22T03:47:53.205Z,2026-03-22T03:47:53.216Z,Album,"Bleachers - Bleachers",N/A,false,"United States",1712730224,N/A
8,1,2026-03-22T03:47:45.893Z,2026-03-22T03:47:45.916Z,Album,"Gracie Abrams - The Secret of Us (Deluxe)",N/A,false,"United States",1773473685,N/A
10,1,2026-03-22T03:47:22.285Z,2026-03-22T03:47:22.318Z,Album,"Taylor Swift - Lover",N/A,false,"United States",1468058165,N/A
254,1,2026-03-22T03:06:44.486Z,2026-03-22T03:06:44.715Z,Album,"Taylor Swift - The Life of a Showgirl",N/A,false,"United States",1838810949,N/A
306,1,2026-03-21T21:17:19.105Z,2026-03-21T21:17:19.322Z,Album,"Taylor Swift - Midnights (The Til Dawn Edition)",N/A,false,"United States",1689131527,N/A
191,1,2026-03-21T17:44:59.838Z,2026-03-21T17:44:59.914Z,Album,"Zara Larsson - Midnight Sun",N/A,false,"United States",1817499239,N/A
21,1,2026-03-21T16:50:11.859Z,2026-03-21T16:50:11.949Z,Playlist,"stars around my scars",N/A,false,"United States",256003081,N/A
16,1,2026-03-21T08:56:21.329Z,2026-03-21T08:56:23.762Z,Playlist,N/A,N/A,false,"United States","pl.pm-01ed408c735a7f333cdfb88a221bd17c",N/A
27,1,2026-03-20T16:16:32.554Z,2026-03-20T16:16:32.718Z,Album,"Taylor Swift - folklore (deluxe version)",N/A,false,"United States",1528112358,N/A
1,1,2026-03-20T15:24:21.853Z,2026-03-20T15:24:21.878Z,Album,"Taylor Swift - Speak Now (Taylor's Version)",N/A,false,"United States",1690839749,N/A
129,1,2026-03-19T18:43:44.810Z,2026-03-19T18:43:45.051Z,Album,"Various Artists - The Great Gatsby (Music from Baz Luhrmann's Film) [Deluxe Edition]",N/A,false,"United States",1440832062,N/A
536,1,2026-03-18T18:28:55.269Z,2026-03-18T18:28:55.331Z,Album,"Taylor Swift - THE TORTURED POETS DEPARTMENT: THE ANTHOLOGY",N/A,false,"United States",1742057774,N/A
439,1,2026-03-17T15:48:40.059Z,2026-03-17T15:48:40.434Z,Album,"Gracie Abrams - Apple Music Live: Gracie Abrams",N/A,false,"United States",1845403813,N/A
74,1,2026-03-17T15:17:11.691Z,2026-03-17T15:17:11.722Z,Playlist,pt,N/A,false,"United States",256002833,N/A
55,1,2026-03-15T11:58:01.566Z,2026-03-15T11:58:01.638Z,Playlist,"girlypop track beat",N/A,false,"United States",256001809,N/A
28,1,2026-03-15T00:59:46.121Z,2026-03-15T00:59:46.291Z,Playlist,"staring at the sunset",N/A,false,"United States",256001545,N/A
46,1,2026-03-15T00:58:51.434Z,2026-03-15T00:58:51.686Z,Album,"Sabrina Carpenter - Man’s Best Friend (Bonus Track Version)",N/A,false,"United States",1862550592,N/A
11,1,2026-03-14T00:16:45.421Z,2026-03-14T00:16:45.506Z,Album,"Beyoncé - RENAISSANCE",N/A,false,"United States",1630005298,N/A
15,1,2026-03-13T21:51:52.771Z,2026-03-13T21:51:53.699Z,Album,"Beyoncé - COWBOY CARTER",N/A,false,"United States",1738363766,N/A
101,1,2026-03-13T19:02:25.469Z,2026-03-13T19:02:25.614Z,Playlist,"fever dream high",N/A,false,"United States",256002573,N/A
18,1,2026-03-13T13:58:00.239Z,2026-03-13T13:58:00.311Z,Playlist,N/A,N/A,false,"United States","pl.pm-01ed408c735a7f33c145e358b880610f",N/A
6,1,2026-03-11T09:17:30.467Z,2026-03-11T09:17:30.654Z,Album,"Bleachers - everyone for ten minutes",N/A,false,"United States",1872842313,N/A
20,1,2026-03-11T09:07:30.767Z,2026-03-11T09:07:30.813Z,"Radio Station",N/A,N/A,false,"United States",ra.a-1446365464,N/A
1,1,2026-03-09T23:32:37.634Z,2026-03-09T23:32:37.796Z,Playlist,N/A,N/A,false,"United States","pl.fb61f354ba50458c99178e113d0713a6",N/A
1,1,2026-03-09T23:30:13.204Z,2026-03-09T23:30:13.376Z,Album,"Zara Larsson - Midnight Sun (+ more)- Single",N/A,false,"United States",1880824218,N/A
13,1,2026-03-09T22:51:02.303Z,2026-03-09T22:51:05.844Z,Album,"JENNIE - Ruby (The Complete Collection)",N/A,false,"United States",1882164463,N/A
12,1,2026-03-09T22:31:41.333Z,2026-03-09T22:31:41.453Z,Playlist,N/A,N/A,false,"United States","pl.ee7b1aea4b5f42d398e6cd3084f7396b",N/A
1,1,2026-03-07T16:28:35.367Z,2026-03-07T16:28:35.530Z,Album,"Taylor Swift - THE TORTURED POETS DEPARTMENT: THE ANTHOLOGY",N/A,false,"United States",1742073690,N/A
15,1,2026-03-05T20:13:27.593Z,2026-03-05T20:13:27.665Z,"Radio Station",N/A,N/A,false,"United States",ra.q-MLzEBw,N/A
1,1,2026-03-05T08:44:13.620Z,2026-03-05T08:44:13.785Z,Playlist,N/A,N/A,false,"United States","pl.5e0b40a0f7e1407aae69e7bbc5d6fbcc",N/A
4,1,2026-03-05T08:43:58.739Z,2026-03-05T08:43:58.814Z,Album,"SZA - SOS",N/A,false,"United States",1657869377,N/A
1,1,2026-03-04T23:31:42.582Z,2026-03-04T23:31:42.855Z,Playlist,N/A,N/A,false,"United States","pl.674964a1c81a4e4992abaac44e294dce",N/A
1,1,2026-03-04T22:56:13.357Z,2026-03-04T22:56:16.780Z,N/A,N/A,N/A,false,"United States",N/A,N/A
78,1,2026-03-04T22:31:45.026Z,2026-03-04T22:31:45.093Z,Playlist,N/A,N/A,false,"United States","pl.19e0cad995c3481eba600fa7a27d576d",N/A
2,1,2026-03-04T22:22:16.887Z,2026-03-04T22:22:17.015Z,Playlist,N/A,N/A,false,"United States","pl.3de89e62aa3340038e08fa325c3f3f01",N/A
5,1,2026-03-04T05:54:34.316Z,2026-03-04T05:54:34.508Z,Album,"Mitski - Nothing's About to Happen to Me",N/A,false,"United States",1860622550,N/A
42,1,2026-03-03T22:26:38.844Z,2026-03-03T22:26:38.988Z,Playlist,N/A,N/A,false,"United States","pl.89286092fbd6403d8ed3a35a66ee9fbe",N/A
8,1,2026-03-02T18:20:42.245Z,2026-03-02T18:20:42.302Z,Album,"Taylor Swift - Red (Taylor's Version) [Video Deluxe]",N/A,false,"United States",1595423133,N/A
89,1,2026-03-01T22:37:58.517Z,2026-03-01T22:39:16.068Z,Album,"Gracie Abrams - The Secret of Us (Deluxe)",N/A,false,"United States",1775580883,N/A
34,1,2026-03-01T00:31:55.916Z,2026-03-01T00:31:56.161Z,Playlist,N/A,N/A,false,"United States","pl.3950454ced8c45a3b0cc693c2a7db97b",N/A
7,1,2026-02-28T21:59:17.443Z,2026-02-28T21:59:17.854Z,Playlist,N/A,N/A,false,"United States","pl.57891bdd1bc840948374f1c4cbe9c840",N/A
20,1,2026-02-28T21:45:18.644Z,2026-02-28T21:45:18.788Z,Album,"Taylor Swift & Ely Oaks - Opalite (Ely Oaks Remix) - Single",N/A,false,"United States",1878155587,N/A
23,1,2026-02-28T16:41:17.613Z,2026-02-28T16:41:17.616Z,Album,"Taylor Swift - 1989",N/A,false,"United States",1440935467,N/A
44,1,2026-02-27T22:05:59.272Z,2026-02-27T22:05:59.453Z,"Radio Station",N/A,N/A,false,"United States","ra.u-9331bab39b55058b1abb70ff757aa95f",N/A
21,1,2026-02-27T20:44:06.045Z,2026-02-27T20:44:06.271Z,Album,"Tame Impala & JENNIE - Dracula (Remix) - Single",N/A,false,"United States",1874125260,N/A
