"Last Modified","Container Type","Container Description","Track Description","Ignore For Recommendations",Country,"Container Reference","Track Reference","Feature Name","First Event Timestamp","Last End Reason Tyoe","Last Event End Timestamp","Last Event Received Timestamp","Last Event Start Timestamp","Max Event End Position in millis","Max Play Duration in millis","Media duration in millis","Media type","Min Event Start Position in millis","Total plays","Total skips","Total play duration in millis"
2026-03-03T11:31:22.971Z,Album,"Zara Larsson - Midnight Sun","Zara Larsson - Midnight Sun",false,"United States",1817499239,1817499251,"home / playlist_detail",2026-03-03T11:31:22.971Z,PLAYBACK_MANUALLY_PAUSED,2026-03-23T22:58:08.750Z,2026-03-23T22:58:08.829Z,2026-03-23T22:57:52.838Z,189997,190729,189898,AUDIO,0,35,19,4144448
2026-03-13T14:14:37.951Z,Album,"Zara Larsson - Midnight Sun","Zara Larsson - Eurosummer",false,"United States",1817499239,1817499517,"home / playlist_detail",2026-03-13T14:14:37.951Z,NATURAL_END_OF_TRACK,2026-03-23T22:57:53.121Z,2026-03-23T22:57:53.156Z,2026-03-23T22:55:00.032Z,172927,3125067,172864,AUDIO,0,46,10,10899326
2026-03-15T23:44:12.508Z,Album,"Taylor Swift - The Life of a Showgirl","Taylor Swift - Elizabeth Taylor",false,"United States",1838810949,1838810952,"home / playlist_detail",2026-03-15T23:44:12.508Z,TRACK_SKIPPED_FORWARDS,2026-03-23T22:54:59.605Z,2026-03-23T22:54:59.753Z,2026-03-23T22:54:57.952Z,208349,208735,208291,AUDIO,0,13,4,1942736
2026-03-09T18:00:25.888Z,Album,"Harry Styles - Kiss All The Time. Disco, Occasionally.","Harry Styles - Taste Back",false,"United States",1870984032,1870984040,"home / playlist_detail",2026-03-09T18:00:25.888Z,TRACK_SKIPPED_FORWARDS,2026-03-23T22:54:57.783Z,2026-03-23T22:54:56.656Z,2026-03-23T22:54:56.648Z,221706,222088,221653,AUDIO,0,25,10,3824551
2026-03-13T14:01:24.266Z,Album,"Zara Larsson - Midnight Sun","Zara Larsson - Crush",false,"United States",1817499239,1817499515,"home / playlist_detail",2026-03-13T14:01:24.266Z,TRACK_SKIPPED_FORWARDS,2026-03-23T22:54:56.487Z,2026-03-23T22:54:45.385Z,2026-03-23T22:54:45.380Z,177182,177373,177118,AUDIO,0,37,14,5095000
2026-03-13T14:04:21.048Z,Album,"Zara Larsson - Midnight Sun","Zara Larsson - Saturn’s Return",false,"United States",1817499239,1817499894,"home / playlist_detail",2026-03-13T14:04:21.048Z,TRACK_SKIPPED_FORWARDS,2026-03-23T22:54:45.261Z,2026-03-23T22:54:45.385Z,2026-03-23T22:54:42.160Z,227488,227875,227445,AUDIO,0,33,18,4274446
2026-03-15T23:40:28.614Z,Album,"Taylor Swift - The Life of a Showgirl","Taylor Swift - CANCELLED!",false,"United States",1838810949,1838810961,"home / playlist_detail",2026-03-15T23:40:28.614Z,NATURAL_END_OF_TRACK,2026-03-23T22:54:42.247Z,2026-03-23T22:54:42.295Z,2026-03-23T22:51:10.522Z,211542,211726,211000,AUDIO,0,13,3,2411303
2026-03-13T14:17:36.840Z,Album,"Zara Larsson - Midnight Sun","Zara Larsson - Puss Puss",false,"United States",1817499239,1817499901,"home / playlist_detail",2026-03-13T14:17:36.840Z,TRACK_SKIPPED_FORWARDS,2026-03-23T22:51:08.682Z,2026-03-23T22:51:09.026Z,2026-03-23T22:51:03.167Z,228179,228321,228118,AUDIO,0,24,10,3683920
2026-03-17T20:22:25.039Z,Album,"Paris Paloma - Miyazaki - Single","Paris Paloma - Miyazaki",false,"United States",1879636239,1879636424,"home / playlist_detail",2026-03-17T20:22:25.039Z,NATURAL_END_OF_TRACK,2026-03-23T22:51:03.240Z,2026-03-23T22:51:03.277Z,2026-03-23T22:47:38.231Z,204822,205444,204000,AUDIO,0,101,16,20977713
2026-03-23T14:59:26.581Z,Album,"Ed Sheeran - - (Deluxe)","Subtract - Trailer",false,"United States",1673804537,1673805716,"home / album_detail",2026-03-23T14:59:26.581Z,NATURAL_END_OF_TRACK,2026-03-23T22:47:24.384Z,2026-03-23T22:47:02.176Z,2026-03-23T22:47:02.047Z,22000,22368,22000,VIDEO,0,3,0,44351
2026-03-23T14:55:51.478Z,Album,"Ed Sheeran - - (Deluxe)","Ed Sheeran - Moving (Bonus Track)",false,"United States",1673804537,1673805713,"home / album_detail",2026-03-23T14:55:51.478Z,NATURAL_END_OF_TRACK,2026-03-23T22:47:02.013Z,2026-03-23T22:46:59.461Z,2026-03-23T22:46:59.311Z,215291,215235,215247,AUDIO,0,4,1,516869
2026-03-23T14:52:17.613Z,Album,"Ed Sheeran - - (Deluxe)","Ed Sheeran - Toughest (Bonus Track)",false,"United States",1673804537,1673805709,"home / album_detail",2026-03-23T14:52:17.613Z,NATURAL_END_OF_TRACK,2026-03-23T21:55:51.708Z,2026-03-23T21:55:51.765Z,2026-03-23T21:54:27.620Z,214092,214232,214092,AUDIO,0,3,0,643054
2026-03-23T14:49:00.834Z,Album,"Ed Sheeran - - (Deluxe)","Ed Sheeran - Stoned (Bonus Track)",false,"United States",1673804537,1673805373,"home / album_detail",2026-03-23T14:49:00.834Z,TRACK_SKIPPED_FORWARDS,2026-03-23T21:52:14.267Z,2026-03-23T21:52:14.339Z,2026-03-23T21:51:29.613Z,197142,197096,197442,AUDIO,0,3,2,244949
2026-03-23T14:46:02.329Z,Album,"Ed Sheeran - - (Deluxe)","Ed Sheeran - Wildflowers (Bonus Track)",false,"United States",1673804537,1673805367,"home / album_detail",2026-03-23T14:46:02.329Z,NATURAL_END_OF_TRACK,2026-03-23T21:51:29.613Z,2026-03-23T21:51:29.663Z,2026-03-23T21:48:30.909Z,178250,178704,178207,AUDIO,0,2,0,393389
2026-03-23T15:24:42.403Z,Album,"Ed Sheeran - - (Deluxe)","Ed Sheeran - Curtains",false,"United States",1673804537,1673805199,"home / album_detail",2026-03-23T15:24:42.403Z,"MANUALLY_SELECTED_PLAYBACK_OF_A_DIFF_ITEM",2026-03-23T20:42:10.381Z,2026-03-23T20:42:10.786Z,2026-03-23T20:38:55.473Z,224847,224796,224804,AUDIO,0,2,1,521195
2026-03-23T15:06:54.353Z,Album,"Ed Sheeran - - (Deluxe)","Ed Sheeran - Eyes Closed",false,"United States",1673804537,1673804556,"home / album_detail",2026-03-23T15:06:54.353Z,"MANUALLY_SELECTED_PLAYBACK_OF_A_DIFF_ITEM",2026-03-23T20:27:53.248Z,2026-03-23T20:27:41.585Z,2026-03-23T20:27:41.431Z,194892,194718,194890,AUDIO,0,3,1,206593
2026-03-23T14:30:20.153Z,Album,"Ed Sheeran - - (Deluxe)","Ed Sheeran - Salt Water",false,"United States",1673804537,1673804547,"home / album_detail",2026-03-23T14:30:20.153Z,TRACK_SKIPPED_FORWARDS,2026-03-23T20:27:41.425Z,2026-03-23T20:27:41.585Z,2026-03-23T20:24:48.702Z,239814,239787,239882,AUDIO,0,3,2,421703
2026-03-23T14:27:24.975Z,Album,"Ed Sheeran - - (Deluxe)","Ed Sheeran - Boat",false,"United States",1673804537,1673804546,"home / album_detail",2026-03-23T14:27:24.975Z,TRACK_SKIPPED_FORWARDS,2026-03-23T20:24:48.202Z,2026-03-23T20:22:14.142Z,2026-03-23T20:22:14.095Z,185719,185662,185676,AUDIO,0,4,2,516681
2026-03-13T13:58:14.503Z,Album,"Zara Larsson - Midnight Sun","Zara Larsson - Hot & Sexy",false,"United States",1817499239,1817499525,"home / playlist_detail",2026-03-13T13:58:14.503Z,PLAYBACK_MANUALLY_PAUSED,2026-03-23T19:49:01.229Z,2026-03-23T19:47:14.744Z,2026-03-23T19:47:14.476Z,189623,190085,189351,AUDIO,0,33,10,4984773
2026-03-19T14:00:00.255Z,Album,"Harry Styles - Kiss All The Time. Disco, Occasionally.","Harry Styles - Are You Listening Yet?",false,"United States",1870984032,1870984039,"home / playlist_detail",2026-03-19T14:00:00.255Z,NATURAL_END_OF_TRACK,2026-03-23T19:41:05.610Z,2026-03-23T19:41:05.775Z,2026-03-23T19:37:52.967Z,192443,193068,192400,AUDIO,0,14,5,2660837
2026-03-09T18:14:56.039Z,Album,"Harry Styles - Kiss All The Time. Disco, Occasionally.","Harry Styles - Pop",false,"United States",1870984032,1870984047,"home / playlist_detail",2026-03-09T18:14:56.039Z,TRACK_SKIPPED_FORWARDS,2026-03-23T19:37:52.799Z,2026-03-23T19:37:53.052Z,2026-03-23T19:36:53.231Z,216070,2261363,216026,AUDIO,0,23,11,5643430
2026-03-13T14:08:08.698Z,Album,"Zara Larsson - Midnight Sun","Zara Larsson - The Ambition",false,"United States",1817499239,1817499892,"home / playlist_detail",2026-03-13T14:08:08.698Z,NATURAL_END_OF_TRACK,2026-03-23T19:36:53.219Z,2026-03-23T19:34:57.982Z,2026-03-23T19:34:57.745Z,214760,266026,214705,AUDIO,0,42,8,8508048
2026-03-14T03:21:18.023Z,Album,"Taylor Swift - Midnights (The Til Dawn Edition)","Taylor Swift - Snow On The Beach (feat. Lana Del Rey)",false,"United States",1689131527,1689131534,"home / playlist_detail",2026-03-14T03:21:18.023Z,NATURAL_END_OF_TRACK,2026-03-23T19:24:06.931Z,2026-03-23T19:24:07.003Z,2026-03-23T19:19:50.317Z,256188,256631,256188,AUDIO,0,19,10,3297752
2026-03-13T15:04:26.642Z,Album,"Zara Larsson - Midnight Sun","Zara Larsson - Girl's Girl",false,"United States",1817499239,1817499512,"home / playlist_detail",2026-03-13T15:04:26.642Z,NATURAL_END_OF_TRACK,2026-03-23T19:13:14.961Z,2026-03-23T19:13:14.984Z,2026-03-23T19:10:16.823Z,178303,179598,178241,AUDIO,0,30,12,4003118
2026-03-19T14:03:12.603Z,Album,"Harry Styles - Kiss All The Time. Disco, Occasionally.","Harry Styles - The Waiting Game",false,"United States",1870984032,1870984042,"home / playlist_detail",2026-03-19T14:03:12.603Z,NATURAL_END_OF_TRACK,2026-03-23T19:10:16.790Z,2026-03-23T19:10:16.818Z,2026-03-23T19:07:26.460Z,170003,170330,169960,AUDIO,0,11,3,1436468
2026-03-14T03:17:57.265Z,Album,"Taylor Swift - Midnights (The Til Dawn Edition)","Taylor Swift - Anti-Hero",false,"United States",1689131527,1689131533,"home / playlist_detail",2026-03-14T03:17:57.265Z,NATURAL_END_OF_TRACK,2026-03-23T19:07:26.420Z,2026-03-23T19:06:38.861Z,2026-03-23T19:06:38.817Z,200767,202205,200767,AUDIO,0,24,5,3915556
2026-03-19T13:36:32.821Z,Album,"Harry Styles - Kiss All The Time. Disco, Occasionally.","Harry Styles - Ready, Steady, Go!",false,"United States",1870984032,1870984038,"home / playlist_detail",2026-03-19T13:36:32.821Z,NATURAL_END_OF_TRACK,2026-03-23T18:34:38.797Z,2026-03-23T18:34:38.827Z,2026-03-23T18:31:58.022Z,160443,161110,160400,AUDIO,0,26,8,3540415
2026-03-05T18:15:43.755Z,Album,"Taylor Swift - Midnights (The Til Dawn Edition)","Taylor Swift - Question...?",false,"United States",1689131527,1689131960,"home / playlist_detail",2026-03-05T18:15:43.755Z,NATURAL_END_OF_TRACK,2026-03-23T18:31:58.036Z,2026-03-23T18:31:58.088Z,2026-03-23T18:28:27.163Z,210600,211411,210573,AUDIO,0,26,10,3738943
2026-03-06T03:41:07.867Z,Album,"Taylor Swift - Midnights (The Til Dawn Edition)","Taylor Swift - Maroon",false,"United States",1689131527,1689131532,"home / playlist_detail",2026-03-06T03:41:07.867Z,TRACK_SKIPPED_FORWARDS,2026-03-23T18:28:27.027Z,2026-03-23T18:28:25.524Z,2026-03-23T18:28:25.401Z,218314,218665,218279,AUDIO,0,31,13,4220709
2026-03-15T23:47:40.949Z,Album,"Taylor Swift - The Life of a Showgirl","Taylor Swift - The Fate of Ophelia",false,"United States",1838810949,1838810951,"home / playlist_detail",2026-03-15T23:47:40.949Z,NATURAL_END_OF_TRACK,2026-03-23T18:19:49.555Z,2026-03-23T18:19:49.590Z,2026-03-23T18:16:03.635Z,226117,226144,226073,AUDIO,0,12,6,1914288
2026-03-13T15:00:29.671Z,Album,"Zara Larsson - Midnight Sun","Zara Larsson - Blue Moon",false,"United States",1817499239,1817499499,"home / playlist_detail",2026-03-13T15:00:29.671Z,NATURAL_END_OF_TRACK,2026-03-23T18:04:40.067Z,2026-03-23T18:04:40.096Z,2026-03-23T18:01:37.785Z,182100,183185,182055,AUDIO,0,30,15,3532269
2026-03-05T18:12:21.107Z,Album,"Taylor Swift - Midnights (The Til Dawn Edition)","Taylor Swift - Lavender Haze",false,"United States",1689131527,1689131531,"home / playlist_detail",2026-03-05T18:12:21.107Z,NATURAL_END_OF_TRACK,2026-03-23T18:01:37.772Z,2026-03-23T18:01:37.813Z,2026-03-23T17:58:15.070Z,202480,202842,202422,AUDIO,0,37,13,5420413
2026-03-13T14:29:21.992Z,Album,"Zara Larsson - Midnight Sun","Zara Larsson - Pretty Ugly",false,"United States",1817499239,1817499504,"home / playlist_detail",2026-03-13T14:29:21.992Z,NATURAL_END_OF_TRACK,2026-03-23T17:58:15.069Z,2026-03-23T17:58:15.111Z,2026-03-23T17:55:36.333Z,158749,160462,158696,AUDIO,0,33,10,3908211
2026-03-19T14:06:44.481Z,Album,"Harry Styles - Kiss All The Time. Disco, Occasionally.","Harry Styles - Aperture",false,"United States",1870984032,1870984033,"home / playlist_detail",2026-03-19T14:06:44.481Z,NATURAL_END_OF_TRACK,2026-03-23T17:52:08.091Z,2026-03-23T17:50:20.153Z,2026-03-23T17:50:19.793Z,311733,311889,311733,AUDIO,0,9,5,1834972
2026-03-23T14:42:47.361Z,Album,"Ed Sheeran - - (Deluxe)","Ed Sheeran - The Hills of Aberfeldy",false,"United States",1673804537,1673805365,"home / album_detail",2026-03-23T14:42:47.361Z,NATURAL_END_OF_TRACK,2026-03-23T15:47:57.386Z,2026-03-23T15:47:57.439Z,2026-03-23T15:44:42.310Z,195127,195076,195127,AUDIO,0,2,0,390150
2026-03-23T14:39:53.193Z,Album,"Ed Sheeran - - (Deluxe)","Ed Sheeran - No Strings",false,"United States",1673804537,1673805359,"home / album_detail",2026-03-23T14:39:53.193Z,NATURAL_END_OF_TRACK,2026-03-23T15:44:42.221Z,2026-03-23T15:44:42.256Z,2026-03-23T15:41:48.138Z,174131,174086,174131,AUDIO,0,2,0,348169
2026-03-23T14:37:03.267Z,Album,"Ed Sheeran - - (Deluxe)","Ed Sheeran - Sycamore",false,"United States",1673804537,1673805225,"home / album_detail",2026-03-23T14:37:03.267Z,NATURAL_END_OF_TRACK,2026-03-23T15:41:48.054Z,2026-03-23T15:41:48.087Z,2026-03-23T15:38:57.983Z,170119,170071,170119,AUDIO,0,2,0,340126
2026-03-23T14:34:05.126Z,Album,"Ed Sheeran - - (Deluxe)","Ed Sheeran - Vega",false,"United States",1673804537,1673805220,"home / album_detail",2026-03-23T14:34:05.126Z,NATURAL_END_OF_TRACK,2026-03-23T15:38:57.917Z,2026-03-23T15:38:57.943Z,2026-03-23T15:35:59.817Z,178158,178100,178158,AUDIO,0,2,0,356133
2026-03-21T08:44:57.611Z,Album,"Ed Sheeran - - (Deluxe)","Ed Sheeran - Spark",false,"United States",1673804537,1673805212,"home / album_detail",2026-03-21T08:44:57.611Z,NATURAL_END_OF_TRACK,2026-03-23T15:35:59.897Z,2026-03-23T15:35:59.927Z,2026-03-23T15:32:25.096Z,214890,215289,214890,AUDIO,0,3,0,645181
2026-03-23T15:28:27.235Z,Album,"Ed Sheeran - - (Deluxe)","Ed Sheeran - Borderline",false,"United States",1673804537,1673805210,"home / album_detail",2026-03-23T15:28:27.235Z,NATURAL_END_OF_TRACK,2026-03-23T15:32:25.009Z,2026-03-23T15:32:26.648Z,2026-03-23T15:28:27.235Z,237800,237774,237800,AUDIO,0,1,0,237774
2026-03-23T15:21:13.248Z,Album,"Ed Sheeran - - (Deluxe)","Ed Sheeran - Colourblind",false,"United States",1673804537,1673804922,"home / album_detail",2026-03-23T15:21:13.248Z,NATURAL_END_OF_TRACK,2026-03-23T15:24:42.476Z,2026-03-23T15:24:42.514Z,2026-03-23T15:21:13.248Z,209311,209228,209311,AUDIO,0,1,0,209228
2026-03-23T15:17:22.137Z,Album,"Ed Sheeran - - (Deluxe)","Ed Sheeran - End Of Youth",false,"United States",1673804537,1673804914,"home / album_detail",2026-03-23T15:17:22.137Z,NATURAL_END_OF_TRACK,2026-03-23T15:21:13.177Z,2026-03-23T15:21:17.669Z,2026-03-23T15:17:22.137Z,231084,231040,231084,AUDIO,0,1,0,231040
2026-03-23T15:13:39.203Z,Album,"Ed Sheeran - - (Deluxe)","Ed Sheeran - Dusty",false,"United States",1673804537,1673804906,"home / album_detail",2026-03-23T15:13:39.203Z,NATURAL_END_OF_TRACK,2026-03-23T15:17:22.156Z,2026-03-23T15:17:22.202Z,2026-03-23T15:13:39.203Z,223001,222953,223001,AUDIO,0,1,0,222953
2026-03-23T15:10:09.027Z,Album,"Ed Sheeran - - (Deluxe)","Ed Sheeran - Life Goes On",false,"United States",1673804537,1673804898,"home / album_detail",2026-03-23T15:10:09.027Z,NATURAL_END_OF_TRACK,2026-03-23T15:13:39.225Z,2026-03-23T15:13:39.248Z,2026-03-23T15:10:09.027Z,210252,210198,210252,AUDIO,0,1,0,210198
2026-03-20T17:18:22.770Z,Album,"Harry Styles - Kiss All The Time. Disco, Occasionally.","Harry Styles - Season 2 Weight Loss",false,"United States",1870984032,1870984044,"library / album_detail",2026-03-20T17:18:22.770Z,"MANUALLY_SELECTED_PLAYBACK_OF_A_DIFF_ITEM",2026-03-23T14:26:22.943Z,2026-03-23T14:26:23.934Z,2026-03-23T14:22:48.055Z,229610,229535,229603,AUDIO,0,2,1,451079
2026-03-02T04:35:25.268Z,Playlist,N/A,"PinkPantheress - Stateside (with Zara Larsson)",false,"United States","pl.pm-01ed408c735a7f33840ff8e1e2e3a28a",1843595808,"home / playlist_detail",2026-03-02T04:35:25.268Z,NATURAL_END_OF_TRACK,2026-03-23T04:50:18.706Z,2026-03-23T04:50:18.760Z,2026-03-23T04:47:13.688Z,184805,185793,184805,AUDIO,0,43,8,7021747
2026-03-18T04:04:32.076Z,Album,"Harry Styles - Kiss All The Time. Disco, Occasionally.","Harry Styles - American Girls",false,"United States",1870984032,1870984036,"home / playlist_detail",2026-03-18T04:04:32.076Z,NATURAL_END_OF_TRACK,2026-03-23T02:12:32.678Z,2026-03-23T02:12:32.718Z,2026-03-23T02:08:59.379Z,213483,213715,213440,AUDIO,0,10,6,874409
2026-03-20T19:52:11.493Z,Album,"Harry Styles - Kiss All The Time. Disco, Occasionally.","Harry Styles - Coming Up Roses",false,"United States",1870984032,1870984045,"home / playlist_detail",2026-03-20T19:52:11.493Z,TRACK_SKIPPED_FORWARDS,2026-03-22T23:51:53.783Z,2026-03-22T23:51:53.941Z,2026-03-22T23:51:44.562Z,41411,41348,248866,AUDIO,0,5,5,114369
2026-03-22T06:27:26.842Z,Album,"Taylor Swift - Anti-Hero (feat. Bleachers) - Single","Taylor Swift - Anti-Hero",false,"United States",1653491121,1653491133,"home / artist_detail",2026-03-22T06:27:26.842Z,PLAYBACK_MANUALLY_PAUSED,2026-03-22T06:37:35.386Z,2026-03-22T06:37:35.497Z,2026-03-22T06:34:35.896Z,200734,200594,200734,AUDIO,0,1,0,380084
2026-03-22T06:23:38.271Z,Album,"Taylor Swift - Anti-Hero (feat. Bleachers) - Single","Taylor Swift - Anti-Hero (feat. Bleachers)",false,"United States",1653491121,1653491127,"home / artist_detail",2026-03-22T06:23:38.271Z,NATURAL_END_OF_TRACK,2026-03-22T06:34:35.837Z,2026-03-22T06:34:35.926Z,2026-03-22T06:30:47.445Z,228441,228554,228441,AUDIO,0,2,0,456946
2026-03-22T06:22:19.990Z,N/A,N/A,"Bleachers - Everybody Lost Somebody",false,"United States",N/A,1225759940,"home / artist_detail",2026-03-22T06:22:19.990Z,"MANUALLY_SELECTED_PLAYBACK_OF_A_DIFF_ITEM",2026-03-22T06:23:37.496Z,2026-03-22T06:23:38.270Z,2026-03-22T06:22:19.990Z,77266,77506,235000,AUDIO,0,1,1,77506
2026-03-22T06:21:50.070Z,N/A,N/A,"Bleachers - Rollercoaster",false,"United States",N/A,884282120,"home / artist_detail",2026-03-22T06:21:50.070Z,"MANUALLY_SELECTED_PLAYBACK_OF_A_DIFF_ITEM",2026-03-22T06:22:19.531Z,2026-03-22T06:22:20.130Z,2026-03-22T06:21:50.070Z,29232,29461,188000,AUDIO,0,1,1,29461
2026-03-22T06:21:13.239Z,N/A,N/A,"Bleachers - Modern Girl",false,"United States",N/A,1702583449,"home / artist_detail",2026-03-22T06:21:13.239Z,"MANUALLY_SELECTED_PLAYBACK_OF_A_DIFF_ITEM",2026-03-22T06:21:49.225Z,2026-03-22T06:21:49.963Z,2026-03-22T06:21:13.239Z,35784,35986,223000,AUDIO,0,1,1,35986
2026-03-22T06:20:20.482Z,N/A,N/A,"Bleachers - Don't Take the Money",false,"United States",N/A,1225759939,"home / artist_detail",2026-03-22T06:20:20.482Z,"MANUALLY_SELECTED_PLAYBACK_OF_A_DIFF_ITEM",2026-03-22T06:21:12.630Z,2026-03-22T06:21:13.249Z,2026-03-22T06:20:20.482Z,51926,52148,215000,AUDIO,0,1,1,52148
2026-03-22T06:18:39.965Z,N/A,N/A,"Bleachers - Tiny Moves",false,"United States",N/A,1712730492,"home / grouping",2026-03-22T06:18:39.965Z,"MANUALLY_SELECTED_PLAYBACK_OF_A_DIFF_ITEM",2026-03-22T06:20:19.638Z,2026-03-22T06:20:20.488Z,2026-03-22T06:18:39.965Z,99478,99673,228000,AUDIO,0,1,1,99673
2026-03-20T06:55:54.202Z,Playlist,N/A,"Zara Larsson - Lush Life",false,"United States","pl.pm-01ed408c735a7f33840ff8e1e2e3a28a",1201058113,"home / playlist_detail",2026-03-20T06:55:54.202Z,NATURAL_END_OF_TRACK,2026-03-22T04:54:20.843Z,2026-03-22T04:54:20.890Z,2026-03-22T04:50:59.857Z,200730,200986,200730,AUDIO,0,3,0,602704
2026-03-22T03:47:53.209Z,Album,"Bleachers - Bleachers","Bleachers - I Am Right On Time",false,"United States",1712730224,1712730484,"home / grouping",2026-03-22T03:47:53.209Z,PLAYBACK_MANUALLY_PAUSED,2026-03-22T03:48:21.062Z,2026-03-22T03:48:21.072Z,2026-03-22T03:47:53.209Z,27738,27853,211000,AUDIO,0,1,0,27853
2026-03-22T03:47:45.877Z,Album,"Gracie Abrams - The Secret of Us (Deluxe)","Gracie Abrams - Felt Good About You",false,"United States",1773473685,1773473686,"home / grouping",2026-03-22T03:47:45.877Z,"MANUALLY_SELECTED_PLAYBACK_OF_A_DIFF_ITEM",2026-03-22T03:47:52.664Z,2026-03-22T03:47:53.216Z,2026-03-22T03:47:45.877Z,6586,6787,164000,AUDIO,0,1,1,6787
2026-03-20T15:23:15.777Z,Album,"Taylor Swift - Lover","Taylor Swift - I Forgot That You Existed",false,"United States",1468058165,1468058169,"home / grouping",2026-03-20T15:23:15.777Z,"MANUALLY_SELECTED_PLAYBACK_OF_A_DIFF_ITEM",2026-03-22T03:47:45.111Z,2026-03-22T03:47:45.916Z,2026-03-22T03:47:22.285Z,65427,65342,170000,AUDIO,0,2,2,88168
2026-03-15T23:43:59.830Z,Album,"Taylor Swift - The Life of a Showgirl","Taylor Swift - Ruin The Friendship",false,"United States",1838810949,1838810957,"home / grouping",2026-03-15T23:43:59.830Z,"MANUALLY_SELECTED_PLAYBACK_OF_A_DIFF_ITEM",2026-03-22T03:08:11.524Z,2026-03-22T03:08:12.468Z,2026-03-22T03:06:44.473Z,220616,220577,220608,AUDIO,0,5,2,754734
2026-03-15T23:44:10.341Z,Album,"Taylor Swift - The Life of a Showgirl","Taylor Swift - Eldest Daughter",false,"United States",1838810949,1838810956,"home / grouping",2026-03-15T23:44:10.341Z,NATURAL_END_OF_TRACK,2026-03-22T03:06:44.585Z,2026-03-22T03:06:44.608Z,2026-03-22T03:02:38.227Z,246400,246359,246400,AUDIO,0,5,2,788694
2026-03-15T23:36:55.540Z,Album,"Taylor Swift - The Life of a Showgirl","Taylor Swift - Father Figure",false,"United States",1838810949,1838810955,"home / grouping",2026-03-15T23:36:55.540Z,NATURAL_END_OF_TRACK,2026-03-22T03:02:38.200Z,2026-03-22T03:02:38.213Z,2026-03-22T02:59:05.431Z,212836,213005,212821,AUDIO,0,9,2,1645784
2026-03-15T23:44:09.129Z,Album,"Taylor Swift - The Life of a Showgirl","Taylor Swift - Opalite",false,"United States",1838810949,1838810953,"home / grouping",2026-03-15T23:44:09.129Z,NATURAL_END_OF_TRACK,2026-03-22T02:59:05.417Z,2026-03-22T02:59:05.438Z,2026-03-22T02:55:10.068Z,235436,235349,235399,AUDIO,0,8,5,1171521
2026-03-21T03:13:34.984Z,Album,"Taylor Swift - The Life of a Showgirl","Taylor Swift - The Life of a Showgirl (feat. Sabrina Carpenter)",false,"United States",1838810949,1838810964,"home / grouping",2026-03-21T03:13:34.984Z,NATURAL_END_OF_TRACK,2026-03-22T02:47:55.807Z,2026-03-22T02:47:55.828Z,2026-03-22T02:43:54.046Z,241810,241762,241810,AUDIO,0,4,0,966931
2026-03-15T23:44:06.011Z,Album,"Taylor Swift - The Life of a Showgirl","Taylor Swift - Honey",false,"United States",1838810949,1838810963,"home / grouping",2026-03-15T23:44:06.011Z,NATURAL_END_OF_TRACK,2026-03-22T02:43:53.934Z,2026-03-22T02:43:53.957Z,2026-03-22T02:40:52.489Z,181587,192614,181578,AUDIO,0,5,2,570176
2026-03-15T23:44:11.537Z,Album,"Taylor Swift - The Life of a Showgirl","Taylor Swift - Wood",false,"United States",1838810949,1838810960,"home / grouping",2026-03-15T23:44:11.537Z,NATURAL_END_OF_TRACK,2026-03-22T02:16:08.642Z,2026-03-22T02:16:08.659Z,2026-03-22T02:13:38.128Z,150593,150514,150561,AUDIO,0,5,3,427680
2026-03-16T01:51:32.349Z,Album,"Taylor Swift - The Life of a Showgirl","Taylor Swift - Wi$h Li$t",false,"United States",1838810949,1838810959,"home / grouping",2026-03-16T01:51:32.349Z,NATURAL_END_OF_TRACK,2026-03-22T02:13:38.121Z,2026-03-22T02:13:38.168Z,2026-03-22T02:10:10.773Z,207412,207348,207393,AUDIO,0,3,0,769041
2026-03-15T23:44:07.861Z,Album,"Taylor Swift - The Life of a Showgirl","Taylor Swift - Actually Romantic",false,"United States",1838810949,1838810958,"home / grouping",2026-03-15T23:44:07.861Z,NATURAL_END_OF_TRACK,2026-03-22T02:10:10.880Z,2026-03-22T02:10:10.901Z,2026-03-22T02:07:27.185Z,163743,163705,163743,AUDIO,0,5,3,479644
2026-03-12T23:36:27.763Z,Playlist,"girlypop track beat","Taylor Swift - Cruel Summer",false,"United States",256001809,1468058171,"home / playlist_detail",2026-03-12T23:36:27.763Z,NATURAL_END_OF_TRACK,2026-03-22T00:24:53.079Z,2026-03-22T00:24:53.127Z,2026-03-22T00:23:03.472Z,178920,178871,178425,AUDIO,0,14,8,1335432
2026-03-15T00:38:37.960Z,Playlist,N/A,"Ella Henderson - Ghost",false,"United States","pl.pm-01ed408c735a7f33840ff8e1e2e3a28a",942753720,"home / playlist_detail",2026-03-15T00:38:37.960Z,"MANUALLY_SELECTED_PLAYBACK_OF_A_DIFF_ITEM",2026-03-21T22:06:18.991Z,2026-03-21T22:06:19.228Z,2026-03-21T22:06:14.374Z,216189,216321,216189,AUDIO,0,7,3,1042222
2026-03-19T14:16:01.176Z,Album,"Harry Styles - Kiss All The Time. Disco, Occasionally.","Harry Styles - Carla's Song",false,"United States",1870984032,1870984054,"home / album_detail",2026-03-19T14:16:01.176Z,"MANUALLY_SELECTED_PLAYBACK_OF_A_DIFF_ITEM",2026-03-21T22:00:10.343Z,2026-03-21T22:00:10.558Z,2026-03-21T21:59:51.994Z,253698,253876,253653,AUDIO,0,5,4,365179
2026-03-14T14:41:11.631Z,Album,"Taylor Swift - Midnights (The Til Dawn Edition)","Taylor Swift - Dear Reader",false,"United States",1689131527,1689132077,"new / album_detail",2026-03-14T14:41:11.631Z,"MANUALLY_SELECTED_PLAYBACK_OF_A_DIFF_ITEM",2026-03-21T21:17:28.074Z,2026-03-21T21:17:28.280Z,2026-03-21T21:17:19.110Z,225247,225203,225000,AUDIO,0,3,2,234700
2026-03-14T13:42:22.712Z,Album,"Taylor Swift - Midnights (The Til Dawn Edition)","Taylor Swift - You're On Your Own, Kid",false,"United States",1689131527,1689131956,"home / album_detail",2026-03-14T13:42:22.712Z,NATURAL_END_OF_TRACK,2026-03-21T21:07:46.763Z,2026-03-21T21:07:46.818Z,2026-03-21T21:06:41.035Z,194268,194344,194207,AUDIO,0,8,4,880957
2026-03-14T03:27:22.247Z,Album,"Taylor Swift - Midnights (The Til Dawn Edition)","Taylor Swift - High Infidelity",false,"United States",1689131527,1689131982,"home / grouping",2026-03-14T03:27:22.247Z,NATURAL_END_OF_TRACK,2026-03-21T19:52:41.283Z,2026-03-21T19:52:41.298Z,2026-03-21T19:48:49.806Z,231544,231722,231544,AUDIO,0,8,2,1494057
2026-03-14T14:29:13.174Z,Album,"Taylor Swift - Midnights (The Til Dawn Edition)","Taylor Swift - Mastermind",false,"United States",1689131527,1689131973,"home / album_detail",2026-03-14T14:29:13.174Z,NATURAL_END_OF_TRACK,2026-03-21T19:38:19.641Z,2026-03-21T19:38:19.760Z,2026-03-21T19:37:34.413Z,191095,191243,191095,AUDIO,0,3,0,573581
2026-03-21T18:01:16.633Z,Album,"Taylor Swift - Midnights (The Til Dawn Edition)","Taylor Swift - Paris",false,"United States",1689131527,1689131979,"home / album_detail",2026-03-21T18:01:16.633Z,NATURAL_END_OF_TRACK,2026-03-21T19:35:07.167Z,2026-03-21T19:35:07.300Z,2026-03-21T19:31:50.926Z,196300,196241,196300,AUDIO,0,2,0,393473
2026-03-14T16:15:51.077Z,Album,"Taylor Swift - Midnights (The Til Dawn Edition)","Taylor Swift - Karma (feat. Ice Spice)",false,"United States",1689131527,1689132081,"home / album_detail",2026-03-14T16:15:51.077Z,NATURAL_END_OF_TRACK,2026-03-21T19:31:50.944Z,2026-03-21T19:31:51.051Z,2026-03-21T19:28:29.464Z,201563,201480,201563,AUDIO,0,2,1,311536
2026-03-14T03:51:09.885Z,Album,"Taylor Swift - Midnights (The Til Dawn Edition)","Taylor Swift - Bejeweled",false,"United States",1689131527,1689131965,"home / album_detail",2026-03-14T03:51:09.885Z,NATURAL_END_OF_TRACK,2026-03-21T19:28:29.447Z,2026-03-21T19:28:29.591Z,2026-03-21T19:25:15.283Z,194217,194164,194217,AUDIO,0,3,1,417434
2026-03-21T19:22:06.865Z,Album,"Taylor Swift - Midnights (The Til Dawn Edition)","Taylor Swift - Sweet Nothing",false,"United States",1689131527,1689131971,"home / album_detail",2026-03-21T19:22:06.865Z,NATURAL_END_OF_TRACK,2026-03-21T19:25:15.272Z,2026-03-21T19:25:15.369Z,2026-03-21T19:22:06.865Z,188533,188407,188533,AUDIO,0,1,0,188407
2026-03-14T13:58:01.187Z,Album,"Taylor Swift - Midnights (The Til Dawn Edition)","Taylor Swift - Labyrinth",false,"United States",1689131527,1689131968,"home / album_detail",2026-03-14T13:58:01.187Z,NATURAL_END_OF_TRACK,2026-03-21T19:22:06.803Z,2026-03-21T19:22:06.899Z,2026-03-21T19:20:39.268Z,248000,235592,248000,AUDIO,0,3,0,744259
2026-03-14T13:45:36.913Z,Album,"Taylor Swift - Midnights (The Til Dawn Edition)","Taylor Swift - Midnight Rain",false,"United States",1689131527,1689131959,"home / album_detail",2026-03-14T13:45:36.913Z,NATURAL_END_OF_TRACK,2026-03-21T19:17:39.827Z,2026-03-21T19:17:39.879Z,2026-03-21T19:16:43.449Z,174852,174781,174852,AUDIO,0,2,0,349761
2026-03-14T14:41:05.879Z,Album,"Taylor Swift - Midnights (The Til Dawn Edition)","Taylor Swift - Glitch",false,"United States",1689131527,1689131985,"home / album_detail",2026-03-14T14:41:05.879Z,NATURAL_END_OF_TRACK,2026-03-21T19:10:53.005Z,2026-03-21T19:10:53.058Z,2026-03-21T19:08:24.230Z,148847,148775,148847,AUDIO,0,2,1,153759
2026-03-14T14:04:41.407Z,Album,"Taylor Swift - Midnights (The Til Dawn Edition)","Taylor Swift - Karma",false,"United States",1689131527,1689131969,"home / album_detail",2026-03-14T14:04:41.407Z,NATURAL_END_OF_TRACK,2026-03-21T19:04:32.728Z,2026-03-21T19:04:32.783Z,2026-03-21T19:01:07.902Z,204897,204826,204897,AUDIO,0,2,1,400370
2026-03-14T14:32:24.438Z,Album,"Taylor Swift - Midnights (The Til Dawn Edition)","Taylor Swift - The Great War",false,"United States",1689131527,1689131976,"home / album_detail",2026-03-14T14:32:24.438Z,NATURAL_END_OF_TRACK,2026-03-21T19:01:07.884Z,2026-03-21T19:01:07.932Z,2026-03-21T18:57:07.515Z,240430,240369,240430,AUDIO,0,3,1,504480
2026-03-21T18:52:47.166Z,Album,"Taylor Swift - Midnights (The Til Dawn Edition)","Taylor Swift - Would've, Could've, Should've",false,"United States",1689131527,1689132076,"home / album_detail",2026-03-21T18:52:47.166Z,NATURAL_END_OF_TRACK,2026-03-21T18:57:07.532Z,2026-03-21T18:57:07.586Z,2026-03-21T18:52:47.166Z,260422,260366,260422,AUDIO,0,1,0,260366
2026-03-14T03:31:13.651Z,Album,"Taylor Swift - Midnights (The Til Dawn Edition)","Taylor Swift - Snow On The Beach (feat. More Lana Del Rey)",false,"United States",1689131527,1689132080,"home / album_detail",2026-03-14T03:31:13.651Z,NATURAL_END_OF_TRACK,2026-03-21T18:52:47.147Z,2026-03-21T18:52:47.234Z,2026-03-21T18:48:57.261Z,230015,229886,230015,AUDIO,0,6,3,753705
2026-03-14T14:41:15.814Z,Album,"Taylor Swift - Midnights (The Til Dawn Edition)","Taylor Swift - Hits Different",false,"United States",1689131527,1689132079,"home / album_detail",2026-03-14T14:41:15.814Z,NATURAL_END_OF_TRACK,2026-03-21T18:41:38.430Z,2026-03-21T18:41:38.469Z,2026-03-21T18:40:45.810Z,234521,181760,234521,AUDIO,0,3,1,508050
2026-03-14T14:36:24.624Z,Album,"Taylor Swift - Midnights (The Til Dawn Edition)","Taylor Swift - Bigger Than The Whole Sky",false,"United States",1689131527,1689131978,"home / album_detail",2026-03-14T14:36:24.624Z,NATURAL_END_OF_TRACK,2026-03-21T18:37:26.562Z,2026-03-21T18:37:26.611Z,2026-03-21T18:37:16.522Z,218546,107589,218546,AUDIO,0,3,2,269496
2026-03-14T03:48:24.875Z,Album,"Taylor Swift - Midnights (The Til Dawn Edition)","Taylor Swift - Vigilante Shit",false,"United States",1689131527,1689131961,"home / album_detail",2026-03-14T03:48:24.875Z,NATURAL_END_OF_TRACK,2026-03-21T18:28:57.614Z,2026-03-21T18:28:57.694Z,2026-03-21T18:28:42.633Z,164883,165077,164883,AUDIO,0,3,0,495400
2026-03-21T08:56:21.375Z,Playlist,N/A,"Reneé Rapp - Don't Tell My Mom",false,"United States","pl.pm-01ed408c735a7f333cdfb88a221bd17c",1672703108,"home / playlist_detail",2026-03-21T08:56:21.375Z,PLAYBACK_MANUALLY_PAUSED,2026-03-21T17:35:27.253Z,2026-03-21T17:35:27.893Z,2026-03-21T17:35:27.038Z,157596,157682,189000,AUDIO,0,1,0,157897
2026-03-21T16:50:11.854Z,Playlist,"stars around my scars","Taylor Swift - Everything Has Changed (Taylor's Version) [feat. Ed Sheeran]",false,"United States",256003081,1595423270,"library / recently_added / playlist_detail",2026-03-21T16:50:11.854Z,"MANUALLY_SELECTED_PLAYBACK_OF_A_DIFF_ITEM",2026-03-21T16:52:14.938Z,2026-03-21T16:52:15.185Z,2026-03-21T16:50:11.854Z,122781,123084,245524,AUDIO,0,1,1,123084
2026-03-21T16:46:22.996Z,Playlist,"stars around my scars","KANGTA, BoA, U-KNOW, LEETEUK, TAEYEON, ONEW, SUHO, IRENE, TAEYONG, MARK, KUN & KARINA - The Cure",false,"United States",256003081,1660716280,"library / recently_added / playlist_detail",2026-03-21T16:46:22.996Z,NATURAL_END_OF_TRACK,2026-03-21T16:50:11.842Z,2026-03-21T16:50:11.949Z,2026-03-21T16:49:01.605Z,220026,149670,220026,AUDIO,0,1,0,220053
2026-03-21T16:42:28.101Z,Playlist,"stars around my scars","EXO - Sing For You (Chinese Version)",false,"United States",256003081,1064933833,"library / recently_added / playlist_detail",2026-03-21T16:42:28.101Z,NATURAL_END_OF_TRACK,2026-03-21T16:46:23.041Z,2026-03-21T16:46:23.104Z,2026-03-21T16:42:28.101Z,235036,234940,235036,AUDIO,0,1,0,234940
2026-03-21T16:36:21.133Z,Playlist,"stars around my scars","Ben Platt, Kristolyn Lloyd, Will Roland, Laura Dreyfuss & Original Broadway Cast of Dear Evan Hansen - You Will Be Found",false,"United States",256003081,1178260067,"library / recently_added / playlist_detail",2026-03-21T16:36:21.133Z,NATURAL_END_OF_TRACK,2026-03-21T16:42:28.061Z,2026-03-21T16:42:28.107Z,2026-03-21T16:38:33.612Z,360910,234449,360910,AUDIO,0,1,0,360528
2026-03-21T16:32:42.015Z,Playlist,"stars around my scars","CHEN - Good night",false,"United States",256003081,1481446131,"library / recently_added / playlist_detail",2026-03-21T16:32:42.015Z,NATURAL_END_OF_TRACK,2026-03-21T16:36:21.089Z,2026-03-21T16:36:21.181Z,2026-03-21T16:32:42.015Z,219125,219074,219125,AUDIO,0,1,0,219074
2026-03-21T16:28:48.110Z,Playlist,"stars around my scars","TAEYEON - Circus",false,"United States",256003081,1399532419,"library / recently_added / playlist_detail",2026-03-21T16:28:48.110Z,NATURAL_END_OF_TRACK,2026-03-21T16:32:42.052Z,2026-03-21T16:32:42.204Z,2026-03-21T16:28:48.110Z,234026,233942,234026,AUDIO,0,1,0,233942
2026-03-21T16:25:05.081Z,Playlist,"stars around my scars","TAEYEON - Dear Me",false,"United States",256003081,1494441370,"library / recently_added / playlist_detail",2026-03-21T16:25:05.081Z,NATURAL_END_OF_TRACK,2026-03-21T16:28:48.090Z,2026-03-21T16:28:48.120Z,2026-03-21T16:25:05.081Z,222653,223009,222653,AUDIO,0,1,0,223009
2026-03-21T14:44:17.634Z,Playlist,"stars around my scars","Taylor Swift - gold rush",false,"United States",256003081,1547315987,"library / recently_added / playlist_detail",2026-03-21T14:44:17.634Z,NATURAL_END_OF_TRACK,2026-03-21T16:25:04.997Z,2026-03-21T16:25:05.040Z,2026-03-21T16:24:42.645Z,185320,146775,185320,AUDIO,0,1,0,181097
2026-03-21T14:44:11.113Z,Playlist,"stars around my scars","Taylor Swift - betty",false,"United States",256003081,1541904960,"library / recently_added / playlist_detail",2026-03-21T14:44:11.113Z,"MANUALLY_SELECTED_PLAYBACK_OF_A_DIFF_ITEM",2026-03-21T14:44:16.979Z,2026-03-21T14:44:17.558Z,2026-03-21T14:44:11.113Z,5667,5866,294521,AUDIO,0,1,1,5866
2026-03-21T14:44:10.003Z,Playlist,"stars around my scars","Taylor Swift - mad woman",false,"United States",256003081,1541904956,"library / recently_added / playlist_detail",2026-03-21T14:44:10.003Z,"MANUALLY_SELECTED_PLAYBACK_OF_A_DIFF_ITEM",2026-03-21T14:44:10.995Z,2026-03-21T14:44:11.189Z,2026-03-21T14:44:10.003Z,794,992,237258,AUDIO,0,1,1,992
2026-03-21T14:42:08.906Z,Playlist,"stars around my scars","Leslie Odom, Jr. - Winter Song",false,"United States",256003081,1473468636,"library / recently_added / playlist_detail",2026-03-21T14:42:08.906Z,"MANUALLY_SELECTED_PLAYBACK_OF_A_DIFF_ITEM",2026-03-21T14:44:09.881Z,2026-03-21T14:44:10.060Z,2026-03-21T14:42:08.906Z,120776,120975,242645,AUDIO,0,1,1,120975
2026-03-21T14:37:46.640Z,Playlist,"stars around my scars","Taylor Swift - august",false,"United States",256003081,1541906190,"library / recently_added / playlist_detail",2026-03-21T14:37:46.640Z,NATURAL_END_OF_TRACK,2026-03-21T14:42:09.064Z,2026-03-21T14:42:09.125Z,2026-03-21T14:39:33.777Z,261923,155287,261923,AUDIO,0,1,0,262124
2026-03-20T15:18:22.292Z,Album,"Taylor Swift - Lover","Taylor Swift - Daylight",false,"United States",1468058165,1468058708,"library / recently_added / playlist_detail",2026-03-20T15:18:22.292Z,"MANUALLY_SELECTED_PLAYBACK_OF_A_DIFF_ITEM",2026-03-21T14:37:18.086Z,2026-03-21T14:37:18.374Z,2026-03-21T14:37:15.276Z,293000,293682,293435,AUDIO,0,2,1,296492
2026-03-21T14:37:13.320Z,Playlist,"stars around my scars","Taylor Swift - The Archer",false,"United States",256003081,1468058177,"library / recently_added / playlist_detail",2026-03-21T14:37:13.320Z,"MANUALLY_SELECTED_PLAYBACK_OF_A_DIFF_ITEM",2026-03-21T14:37:15.160Z,2026-03-21T14:37:18.374Z,2026-03-21T14:37:13.320Z,1642,1840,211235,AUDIO,0,1,1,1840
2026-03-21T14:37:06.611Z,Playlist,"stars around my scars","Taylor Swift - mirrorball",false,"United States",256003081,1541906186,"library / recently_added / playlist_detail",2026-03-21T14:37:06.611Z,"MANUALLY_SELECTED_PLAYBACK_OF_A_DIFF_ITEM",2026-03-21T14:37:46.533Z,2026-03-21T14:37:46.704Z,2026-03-21T14:37:06.611Z,39718,39922,208978,AUDIO,0,1,1,39922
2026-03-21T08:55:51.606Z,Playlist,N/A,"Sabrina Carpenter - Tears",false,"United States","pl.pm-01ed408c735a7f333cdfb88a221bd17c",1819861157,"home / playlist_detail",2026-03-21T08:55:51.606Z,"MANUALLY_SELECTED_PLAYBACK_OF_A_DIFF_ITEM",2026-03-21T08:56:19.790Z,2026-03-21T08:56:23.762Z,2026-03-21T08:55:51.606Z,28169,28184,160227,AUDIO,0,1,1,28184
2026-03-21T08:52:38.746Z,Playlist,N/A,"Alexx Calise - Cry",false,"United States","pl.pm-01ed408c735a7f333cdfb88a221bd17c",429417627,"home / playlist_detail",2026-03-21T08:52:38.746Z,NATURAL_END_OF_TRACK,2026-03-21T08:55:51.535Z,2026-03-21T08:55:52.142Z,2026-03-21T08:52:38.746Z,192377,192789,192377,AUDIO,0,1,0,192789
2026-03-21T08:48:32.833Z,Playlist,N/A,"Billie Eilish - everything i wanted",false,"United States","pl.pm-01ed408c735a7f333cdfb88a221bd17c",1487502476,"home / playlist_detail",2026-03-21T08:48:32.833Z,NATURAL_END_OF_TRACK,2026-03-21T08:52:38.536Z,2026-03-21T08:52:38.704Z,2026-03-21T08:48:32.833Z,245473,245703,245473,AUDIO,0,1,0,245703
2026-03-21T08:44:55.814Z,Playlist,N/A,"Harry Styles - Falling",false,"United States","pl.pm-01ed408c735a7f333cdfb88a221bd17c",1485802975,"home / playlist_detail",2026-03-21T08:44:55.814Z,TRACK_SKIPPED_FORWARDS,2026-03-21T08:44:57.227Z,2026-03-21T08:44:57.458Z,2026-03-21T08:44:55.814Z,1205,1413,240210,AUDIO,0,1,1,1413
2026-03-21T08:44:48.907Z,Playlist,N/A,"Tame Impala - Dracula",false,"United States","pl.pm-01ed408c735a7f333cdfb88a221bd17c",1836226730,"home / playlist_detail",2026-03-21T08:44:48.907Z,TRACK_SKIPPED_FORWARDS,2026-03-21T08:44:55.565Z,2026-03-21T08:44:55.797Z,2026-03-21T08:44:48.907Z,6448,6658,205352,AUDIO,0,1,1,6658
2026-03-21T08:41:29.794Z,Playlist,N/A,"Olivia Rodrigo - making the bed",false,"United States","pl.pm-01ed408c735a7f333cdfb88a221bd17c",1694386835,"home / playlist_detail",2026-03-21T08:41:29.794Z,NATURAL_END_OF_TRACK,2026-03-21T08:44:48.994Z,2026-03-21T08:44:49.032Z,2026-03-21T08:41:29.794Z,198910,199200,198910,AUDIO,0,1,0,199200
2026-03-21T08:41:26.179Z,Playlist,N/A,"TWICE - Dance The Night Away",false,"United States","pl.pm-01ed408c735a7f333cdfb88a221bd17c",1555401454,"home / playlist_detail",2026-03-21T08:41:26.179Z,TRACK_SKIPPED_FORWARDS,2026-03-21T08:41:29.504Z,2026-03-21T08:41:29.728Z,2026-03-21T08:41:26.179Z,3117,3325,180000,AUDIO,0,1,1,3325
2026-03-18T18:20:49.458Z,Album,"Taylor Swift - THE TORTURED POETS DEPARTMENT: THE ANTHOLOGY","Taylor Swift - The Smallest Man Who Ever Lived",false,"United States",1742057774,1742058105,"home / playlist_detail",2026-03-18T18:20:49.458Z,PLAYBACK_MANUALLY_PAUSED,2026-03-21T07:24:00.269Z,2026-03-21T07:24:00.280Z,2026-03-21T07:23:51.985Z,245603,245566,245585,AUDIO,0,6,1,1241598
2026-03-13T17:26:05.954Z,Album,"Taylor Swift - THE TORTURED POETS DEPARTMENT: THE ANTHOLOGY","Taylor Swift - So Long, London",false,"United States",1742057774,1742058083,"home / grouping",2026-03-13T17:26:05.954Z,NATURAL_END_OF_TRACK,2026-03-21T04:05:54.116Z,2026-03-21T04:05:54.211Z,2026-03-21T04:01:31.160Z,263026,6687002,263014,AUDIO,0,6,3,8193901
2026-02-15T20:59:42.062Z,Album,"Taylor Swift - THE TORTURED POETS DEPARTMENT: THE ANTHOLOGY","Taylor Swift - My Boy Only Breaks His Favorite Toys",false,"United States",1742057774,1742074192,"home / grouping",2026-02-15T20:59:42.062Z,NATURAL_END_OF_TRACK,2026-03-21T03:52:11.603Z,2026-03-21T03:52:11.705Z,2026-03-21T03:50:21.579Z,203859,204363,203839,AUDIO,0,24,4,4230192
2026-03-14T19:15:09.482Z,Album,"Sabrina Carpenter - Man’s Best Friend (Bonus Track Version)","Sabrina Carpenter - Nobody’s Son",false,"United States",1862550592,1862550849,"home / grouping",2026-03-14T19:15:09.482Z,NATURAL_END_OF_TRACK,2026-03-21T03:48:43.134Z,2026-03-21T03:48:44.338Z,2026-03-21T03:45:40.499Z,182621,182810,182621,AUDIO,0,9,3,1130473
2026-03-14T16:30:18.376Z,Album,"Sabrina Carpenter - Man’s Best Friend (Bonus Track Version)","Sabrina Carpenter - Manchild",false,"United States",1862550592,1862550593,"home / grouping",2026-03-14T16:30:18.376Z,NATURAL_END_OF_TRACK,2026-03-21T03:32:08.148Z,2026-03-21T03:32:08.183Z,2026-03-21T03:28:34.483Z,213709,213665,213709,AUDIO,0,9,8,554996
2026-03-21T02:28:43.075Z,Album,"Harry Styles - Kiss All The Time. Disco, Occasionally.","Harry Styles - Paint By Numbers",false,"United States",1870984032,1870984051,"library / album_detail",2026-03-21T02:28:43.075Z,NATURAL_END_OF_TRACK,2026-03-21T02:31:10.075Z,2026-03-21T02:31:10.393Z,2026-03-21T02:28:43.075Z,147053,147000,147053,AUDIO,0,1,0,147000
2026-03-21T02:25:28.416Z,Album,"Harry Styles - Kiss All The Time. Disco, Occasionally.","Harry Styles - Dance No More",false,"United States",1870984032,1870984050,"library / album_detail",2026-03-21T02:25:28.416Z,NATURAL_END_OF_TRACK,2026-03-21T02:28:43.034Z,2026-03-21T02:28:43.157Z,2026-03-21T02:25:28.416Z,194920,194618,194920,AUDIO,0,1,0,194618
2026-03-20T15:28:01.803Z,Album,"Taylor Swift - folklore (deluxe version)","Taylor Swift - august",false,"United States",1528112358,1528112370,"home / album_detail",2026-03-20T15:28:01.803Z,"MANUALLY_SELECTED_PLAYBACK_OF_A_DIFF_ITEM",2026-03-20T16:16:49.968Z,2026-03-20T16:16:50.602Z,2026-03-20T16:16:32.536Z,261970,261808,261000,AUDIO,0,2,1,279240
2026-03-20T16:16:19.472Z,Album,"Taylor Swift - folklore (deluxe version)","Taylor Swift - exile (feat. Bon Iver)",false,"United States",1528112358,1528112364,"home / album_detail",2026-03-20T16:16:19.472Z,"MANUALLY_SELECTED_PLAYBACK_OF_A_DIFF_ITEM",2026-03-20T16:16:31.831Z,2026-03-20T16:16:32.598Z,2026-03-20T16:16:19.472Z,12281,12359,285682,AUDIO,0,1,1,12359
2026-03-20T16:12:28.595Z,Album,"Taylor Swift - folklore (deluxe version)","Taylor Swift - the last great american dynasty",false,"United States",1528112358,1528112363,"home / album_detail",2026-03-20T16:12:28.595Z,NATURAL_END_OF_TRACK,2026-03-20T16:16:19.572Z,2026-03-20T16:16:20.240Z,2026-03-20T16:12:28.595Z,231046,230977,231046,AUDIO,0,1,0,230977
2026-03-20T16:08:29.654Z,Album,"Taylor Swift - folklore (deluxe version)","Taylor Swift - cardigan",false,"United States",1528112358,1528112362,"home / album_detail",2026-03-20T16:08:29.654Z,NATURAL_END_OF_TRACK,2026-03-20T16:12:29.218Z,2026-03-20T16:12:29.918Z,2026-03-20T16:08:29.654Z,239608,239564,239608,AUDIO,0,1,0,239564
2026-03-20T16:04:58.708Z,Album,"Taylor Swift - folklore (deluxe version)","Taylor Swift - the 1",false,"United States",1528112358,1528112361,"home / album_detail",2026-03-20T16:04:58.708Z,NATURAL_END_OF_TRACK,2026-03-20T16:08:28.955Z,2026-03-20T16:08:28.987Z,2026-03-20T16:04:58.708Z,210299,210247,210299,AUDIO,0,1,0,210247
2026-03-20T16:01:26.921Z,Album,"Taylor Swift - folklore (deluxe version)","Taylor Swift - the lakes (bonus track)",false,"United States",1528112358,1528112564,"home / album_detail",2026-03-20T16:01:26.921Z,NATURAL_END_OF_TRACK,2026-03-20T16:04:58.713Z,2026-03-20T16:04:58.746Z,2026-03-20T16:01:26.921Z,211845,211792,211845,AUDIO,0,1,0,211792
2026-03-20T15:57:46.882Z,Album,"Taylor Swift - folklore (deluxe version)","Taylor Swift - hoax",false,"United States",1528112358,1528112562,"home / album_detail",2026-03-20T15:57:46.882Z,NATURAL_END_OF_TRACK,2026-03-20T16:01:26.915Z,2026-03-20T16:01:26.951Z,2026-03-20T15:57:46.882Z,220090,220033,220090,AUDIO,0,1,0,220033
2026-03-20T15:53:53.002Z,Album,"Taylor Swift - folklore (deluxe version)","Taylor Swift - peace",false,"United States",1528112358,1528112560,"home / album_detail",2026-03-20T15:53:53.002Z,NATURAL_END_OF_TRACK,2026-03-20T15:57:46.995Z,2026-03-20T15:57:47.088Z,2026-03-20T15:53:53.002Z,234047,233993,234047,AUDIO,0,1,0,233993
2026-03-20T15:48:58.467Z,Album,"Taylor Swift - folklore (deluxe version)","Taylor Swift - betty",false,"United States",1528112358,1528112557,"home / album_detail",2026-03-20T15:48:58.467Z,NATURAL_END_OF_TRACK,2026-03-20T15:53:52.888Z,2026-03-20T15:53:52.944Z,2026-03-20T15:48:58.467Z,294568,294421,294568,AUDIO,0,1,0,294421
2026-03-20T15:44:08.463Z,Album,"Taylor Swift - folklore (deluxe version)","Taylor Swift - epiphany",false,"United States",1528112358,1528112556,"home / album_detail",2026-03-20T15:44:08.463Z,NATURAL_END_OF_TRACK,2026-03-20T15:48:58.454Z,2026-03-20T15:48:58.489Z,2026-03-20T15:44:08.463Z,289000,289991,289000,AUDIO,0,1,0,289991
2026-03-20T15:44:03.936Z,Album,"Taylor Swift - folklore (deluxe version)","Taylor Swift - my tears ricochet",false,"United States",1528112358,1528112365,"home / album_detail",2026-03-20T15:44:03.936Z,"MANUALLY_SELECTED_PLAYBACK_OF_A_DIFF_ITEM",2026-03-20T15:44:07.835Z,2026-03-20T15:44:08.466Z,2026-03-20T15:44:03.936Z,3618,3899,255000,AUDIO,0,1,1,3899
2026-03-20T15:43:02.529Z,Album,"Taylor Swift - folklore (deluxe version)","Taylor Swift - mad woman",false,"United States",1528112358,1528112375,"home / album_detail",2026-03-20T15:43:02.529Z,"MANUALLY_SELECTED_PLAYBACK_OF_A_DIFF_ITEM",2026-03-20T15:44:02.944Z,2026-03-20T15:44:03.936Z,2026-03-20T15:43:02.529Z,60421,60415,237305,AUDIO,0,1,1,60415
2026-03-20T15:38:50.395Z,Album,"Taylor Swift - folklore (deluxe version)","Taylor Swift - invisible string",false,"United States",1528112358,1528112373,"home / album_detail",2026-03-20T15:38:50.395Z,NATURAL_END_OF_TRACK,2026-03-20T15:43:03.127Z,2026-03-20T15:43:03.658Z,2026-03-20T15:38:50.395Z,252928,252732,252928,AUDIO,0,1,0,252732
2026-03-20T15:35:38.716Z,Album,"Taylor Swift - folklore (deluxe version)","Taylor Swift - illicit affairs",false,"United States",1528112358,1528112372,"home / album_detail",2026-03-20T15:35:38.716Z,NATURAL_END_OF_TRACK,2026-03-20T15:38:49.646Z,2026-03-20T15:38:50.031Z,2026-03-20T15:35:38.716Z,190946,190930,190946,AUDIO,0,1,0,190930
2026-03-20T15:32:23.741Z,Album,"Taylor Swift - folklore (deluxe version)","Taylor Swift - this is me trying",false,"United States",1528112358,1528112371,"home / album_detail",2026-03-20T15:32:23.741Z,NATURAL_END_OF_TRACK,2026-03-20T15:35:38.831Z,2026-03-20T15:35:38.864Z,2026-03-20T15:32:23.741Z,195145,195090,195145,AUDIO,0,1,0,195090
2026-03-20T15:24:32.686Z,Album,"Taylor Swift - folklore (deluxe version)","Taylor Swift - seven",false,"United States",1528112358,1528112369,"home / album_detail",2026-03-20T15:24:32.686Z,NATURAL_END_OF_TRACK,2026-03-20T15:28:01.844Z,2026-03-20T15:28:01.900Z,2026-03-20T15:24:32.686Z,208000,209158,208000,AUDIO,0,1,0,209158
2026-03-20T15:24:21.873Z,Album,"Taylor Swift - Speak Now (Taylor's Version)","Taylor Swift - Castles Crumbling (Taylor's Version) (From The Vault) [feat. Hayley Williams]",false,"United States",1690839749,1690841083,"home / album_detail",2026-03-20T15:24:21.873Z,"MANUALLY_SELECTED_PLAYBACK_OF_A_DIFF_ITEM",2026-03-20T15:24:31.870Z,2026-03-20T15:24:32.597Z,2026-03-20T15:24:21.873Z,9721,9997,306000,AUDIO,0,1,1,9997
2026-03-15T13:43:18.602Z,Playlist,N/A,"Zara Larsson - Ruin My Life",false,"United States","pl.pm-01ed408c735a7f33840ff8e1e2e3a28a",1438676278,"home / artist_detail",2026-03-15T13:43:18.602Z,PLAYBACK_MANUALLY_PAUSED,2026-03-20T14:10:58.403Z,2026-03-20T14:10:58.417Z,2026-03-20T14:10:57.477Z,190115,190388,190979,AUDIO,0,1,0,191314
2026-03-20T09:27:34.799Z,N/A,N/A,"Clean Bandit - Symphony (feat. Zara Larsson)",false,"United States",N/A,1436738923,"home / artist_detail",2026-03-20T09:27:34.799Z,TRACK_SKIPPED_FORWARDS,2026-03-20T14:10:56.174Z,2026-03-20T14:10:56.420Z,2026-03-20T14:10:55.236Z,162641,161946,212787,AUDIO,0,1,1,162884
2026-03-20T09:24:02.006Z,N/A,N/A,"Zara Larsson & MNEK - Never Forget You",false,"United States",N/A,1201058123,"home / artist_detail",2026-03-20T09:24:02.006Z,NATURAL_END_OF_TRACK,2026-03-20T09:27:34.802Z,2026-03-20T09:27:34.835Z,2026-03-20T09:24:02.006Z,212622,212796,212622,AUDIO,0,1,0,212796
2026-02-06T20:16:10.615Z,Album,"Taylor Swift - THE TORTURED POETS DEPARTMENT: THE ANTHOLOGY","Taylor Swift - I Can Do It With a Broken Heart",false,"United States",1742057774,1742058104,"home / playlist_detail",2026-02-06T20:16:10.615Z,NATURAL_END_OF_TRACK,2026-03-20T02:29:43.403Z,2026-03-20T02:29:43.438Z,2026-03-20T02:26:05.239Z,218048,219095,218000,AUDIO,0,69,11,14408582
2026-03-14T16:30:22.738Z,Album,"Sabrina Carpenter - Man’s Best Friend (Bonus Track Version)","Sabrina Carpenter - House Tour",false,"United States",1862550592,1862550863,"home / playlist_detail",2026-03-14T16:30:22.738Z,"MANUALLY_SELECTED_PLAYBACK_OF_A_DIFF_ITEM",2026-03-19T18:51:21.167Z,2026-03-19T18:51:21.379Z,2026-03-19T18:51:14.799Z,169215,169511,169214,AUDIO,0,7,3,859656
2026-03-19T18:43:44.831Z,Album,"Various Artists - The Great Gatsby (Music from Baz Luhrmann's Film) [Deluxe Edition]","JAŸ-Z & Kanye West - No Church In the Wild (feat. Frank Ocean & The-Dream)",false,"United States",1440832062,1440832876,"home / album_detail",2026-03-19T18:43:44.831Z,"MANUALLY_SELECTED_PLAYBACK_OF_A_DIFF_ITEM",2026-03-19T18:44:14.233Z,2026-03-19T18:44:14.524Z,2026-03-19T18:43:44.831Z,29517,29402,272523,AUDIO,0,1,1,29402
2026-03-12T23:26:16.794Z,Album,"Various Artists - The Great Gatsby (Music from Baz Luhrmann's Film) [Deluxe Edition]","Lana Del Rey - Young and Beautiful (DH Orchestral Version)",false,"United States",1440832062,1440833218,"home / album_detail",2026-03-12T23:26:16.794Z,NATURAL_END_OF_TRACK,2026-03-19T18:43:44.919Z,2026-03-19T18:43:44.970Z,2026-03-19T18:39:53.139Z,231000,231780,231000,AUDIO,0,5,4,374654
2026-03-19T18:39:37.873Z,Album,"Various Artists - The Great Gatsby (Music from Baz Luhrmann's Film) [Deluxe Edition]","Florence + the Machine - Over the Love",false,"United States",1440832062,1440832880,"home / album_detail",2026-03-19T18:39:37.873Z,"MANUALLY_SELECTED_PLAYBACK_OF_A_DIFF_ITEM",2026-03-19T18:39:52.889Z,2026-03-19T18:39:53.102Z,2026-03-19T18:39:37.873Z,14647,15016,261000,AUDIO,0,1,1,15016
2026-03-17T10:16:12.573Z,Album,"Various Artists - The Great Gatsby (Music from Baz Luhrmann's Film) [Deluxe Edition]","Fergie, Q-Tip & GoonRock - A Little Party Never Killed Nobody (All We Got)",false,"United States",1440832062,1440832542,"home / album_detail",2026-03-17T10:16:12.573Z,TRACK_SKIPPED_FORWARDS,2026-03-19T18:39:37.534Z,2026-03-19T18:39:37.901Z,2026-03-19T18:39:36.997Z,240924,189526,240000,AUDIO,0,2,1,467428
2026-03-14T16:33:11.111Z,Album,"Sabrina Carpenter - Man’s Best Friend (Bonus Track Version)","Sabrina Carpenter - Such A Funny Way",false,"United States",1862550592,1862550868,"home / playlist_detail",2026-03-14T16:33:11.111Z,NATURAL_END_OF_TRACK,2026-03-19T03:05:24.806Z,2026-03-19T03:05:24.838Z,2026-03-19T03:01:32.348Z,232378,232606,232378,AUDIO,0,5,2,844574
2026-03-18T18:18:37.642Z,Album,"Taylor Swift - THE TORTURED POETS DEPARTMENT: THE ANTHOLOGY","Taylor Swift - I Look in People's Windows",false,"United States",1742057774,1742058275,"home / see_all / album_detail",2026-03-18T18:18:37.642Z,NATURAL_END_OF_TRACK,2026-03-18T18:20:49.487Z,2026-03-18T18:20:49.529Z,2026-03-18T18:18:37.642Z,131944,131845,131944,AUDIO,0,1,0,131845
2026-03-13T17:13:25.955Z,Album,"Taylor Swift - THE TORTURED POETS DEPARTMENT: THE ANTHOLOGY","Taylor Swift - The Tortured Poets Department",false,"United States",1742057774,1742058078,"home / see_all / album_detail",2026-03-13T17:13:25.955Z,"MANUALLY_SELECTED_PLAYBACK_OF_A_DIFF_ITEM",2026-03-18T18:15:13.360Z,2026-03-18T18:15:13.608Z,2026-03-18T18:15:12.582Z,293093,293258,293093,AUDIO,0,3,2,297389
2026-03-17T17:43:43.820Z,Album,"Taylor Swift - Midnights (The Late Night Edition)","Taylor Swift - Sweet Nothing",false,"United States",l.oXdIYTa,1689090247,"home / album_detail",2026-03-17T17:43:43.820Z,PLAYBACK_SUSPENDED,2026-03-17T19:43:07.356Z,2026-03-17T19:43:07.422Z,2026-03-17T19:42:40.136Z,159493,130821,188525,AUDIO,0,1,1,210403
2026-03-17T19:29:14.839Z,Album,"Taylor Swift - Midnights (The Late Night Edition)","Taylor Swift - Mastermind",false,"United States",l.oXdIYTa,1689090248,"home / album_detail",2026-03-17T19:29:14.839Z,NATURAL_END_OF_TRACK,2026-03-17T19:37:54.562Z,2026-03-17T19:37:54.596Z,2026-03-17T19:35:44.181Z,191085,130381,191059,AUDIO,0,1,0,191765
2026-03-17T17:48:00.001Z,Album,"Taylor Swift - Midnights (The Late Night Edition)","Taylor Swift - Midnight Rain",false,"United States",l.oXdIYTa,1689090235,"home / album_detail",2026-03-17T17:48:00.001Z,NATURAL_END_OF_TRACK,2026-03-17T18:01:59.364Z,2026-03-17T18:01:59.409Z,2026-03-17T18:01:34.303Z,174811,149725,174811,AUDIO,0,1,0,174786
2026-03-17T17:32:13.684Z,Album,"Taylor Swift - Midnights (The Late Night Edition)","Taylor Swift - You’re Losing Me (From The Vault)",false,"United States",l.oXdIYTa,1718576584,"home / album_detail",2026-03-17T17:32:13.684Z,NATURAL_END_OF_TRACK,2026-03-17T17:42:59.059Z,2026-03-17T17:42:59.081Z,2026-03-17T17:42:25.139Z,277890,244442,277864,AUDIO,0,1,0,278362
2026-03-15T13:39:56.891Z,Album,"Taylor Swift - Midnights (The Late Night Edition)","Taylor Swift - Anti-Hero",false,"United States",l.oXdIYTa,1689090227,"home / album_detail",2026-03-15T13:39:56.891Z,NATURAL_END_OF_TRACK,2026-03-17T17:31:42.762Z,2026-03-17T17:31:42.822Z,2026-03-17T17:28:21.773Z,200724,201703,200724,AUDIO,0,2,0,402692
2026-03-15T21:51:41.619Z,Album,"Gracie Abrams - Apple Music Live: Gracie Abrams","Gracie Abrams - Let It Happen (Apple Music Live)",false,"United States",1845403813,1845404108,"home / album_detail",2026-03-15T21:51:41.619Z,"MANUALLY_SELECTED_PLAYBACK_OF_A_DIFF_ITEM",2026-03-17T17:28:21.555Z,2026-03-17T17:28:21.837Z,2026-03-17T17:26:24.065Z,324441,206554,331540,AUDIO,0,2,2,325608
2026-03-15T01:10:50.517Z,Album,"Gracie Abrams - Apple Music Live: Gracie Abrams","Gracie Abrams - Normal Thing (Apple Music Live)",false,"United States",1845403813,1845404103,"home / album_detail",2026-03-15T01:10:50.517Z,NATURAL_END_OF_TRACK,2026-03-17T15:48:40.246Z,2026-03-17T15:48:40.281Z,2026-03-17T15:44:18.974Z,261052,261272,261052,AUDIO,0,4,2,618581
2026-03-15T01:26:01.028Z,Album,"Gracie Abrams - Apple Music Live: Gracie Abrams","Gracie Abrams - I Love You, I’m Sorry (Apple Music Live)",false,"United States",1845403813,1845403822,"home / album_detail",2026-03-15T01:26:01.028Z,"MANUALLY_SELECTED_PLAYBACK_OF_A_DIFF_ITEM",2026-03-17T15:44:18.942Z,2026-03-17T15:44:19.156Z,2026-03-17T15:43:55.813Z,232190,232182,232190,AUDIO,0,2,1,255311
2026-03-15T01:10:46.826Z,Album,"Gracie Abrams - Apple Music Live: Gracie Abrams","Gracie Abrams - Blowing Smoke (Apple Music Live)",false,"United States",1845403813,1845403818,"home / album_detail",2026-03-15T01:10:46.826Z,NATURAL_END_OF_TRACK,2026-03-17T15:43:55.752Z,2026-03-17T15:43:55.928Z,2026-03-17T15:39:42.019Z,253503,253733,253503,AUDIO,0,4,2,770704
2026-03-17T15:17:11.752Z,Playlist,pt,"Red Velvet - So Good",false,"United States",256002833,1444409446,"home / playlist_detail",2026-03-17T15:17:11.752Z,"MANUALLY_SELECTED_PLAYBACK_OF_A_DIFF_ITEM",2026-03-17T15:18:12.550Z,2026-03-17T15:18:12.807Z,2026-03-17T15:17:11.752Z,60724,60798,206944,AUDIO,0,1,1,60798
2026-03-17T15:17:10.881Z,Playlist,pt,"Girls' Generation - Catch Me If You Can (Korean Version)",false,"United States",256002833,983600926,"home / playlist_detail",2026-03-17T15:17:10.881Z,"MANUALLY_SELECTED_PLAYBACK_OF_A_DIFF_ITEM",2026-03-17T15:17:11.546Z,2026-03-17T15:17:11.584Z,2026-03-17T15:17:10.881Z,586,665,225173,AUDIO,0,1,1,665
2026-03-15T12:27:31.595Z,Playlist,pt,"LE SSERAFIM - Blue Flame",false,"United States",256002833,1621089614,"home / playlist_detail",2026-03-15T12:27:31.595Z,"MANUALLY_SELECTED_PLAYBACK_OF_A_DIFF_ITEM",2026-03-17T15:17:10.706Z,2026-03-17T15:17:10.743Z,2026-03-17T15:17:09.237Z,201895,202322,201894,AUDIO,0,2,1,203791
2026-03-13T12:20:24.173Z,Playlist,pt,"CHUNG HA - Killing Me",false,"United States",256002833,1753820416,"home / playlist_detail",2026-03-13T12:20:24.173Z,"MANUALLY_SELECTED_PLAYBACK_OF_A_DIFF_ITEM",2026-03-17T15:17:09.072Z,2026-03-17T15:17:09.114Z,2026-03-17T15:17:06.790Z,130782,127654,164053,AUDIO,0,2,2,141675
2026-03-17T11:09:34.107Z,Playlist,pt,"Red Velvet - Ice Cream Cake",false,"United States",256002833,977068453,"home / playlist_detail",2026-03-17T11:09:34.107Z,NATURAL_END_OF_TRACK,2026-03-17T11:22:36.474Z,2026-03-17T11:22:36.520Z,2026-03-17T11:22:01.276Z,191440,156578,191440,AUDIO,0,1,0,191776
2026-03-17T11:06:24.384Z,Playlist,pt,"EXO - Lotto",false,"United States",256002833,1143528055,"home / playlist_detail",2026-03-17T11:06:24.384Z,NATURAL_END_OF_TRACK,2026-03-17T11:09:34.159Z,2026-03-17T11:09:34.250Z,2026-03-17T11:06:24.384Z,189774,189775,189774,AUDIO,0,1,0,189775
2026-03-17T11:02:52.230Z,Playlist,pt,"Girls' Generation - MR.TAXI (Korean Version)",false,"United States",256002833,1679267328,"home / playlist_detail",2026-03-17T11:02:52.230Z,NATURAL_END_OF_TRACK,2026-03-17T11:06:24.856Z,2026-03-17T11:06:24.918Z,2026-03-17T11:02:52.230Z,212733,212626,212733,AUDIO,0,1,0,212626
2026-03-17T10:58:55.109Z,Playlist,pt,"TWICE - Love Foolish",false,"United States",256002833,1556087221,"home / playlist_detail",2026-03-17T10:58:55.109Z,NATURAL_END_OF_TRACK,2026-03-17T11:02:51.846Z,2026-03-17T11:02:51.890Z,2026-03-17T11:01:06.443Z,191226,105403,191226,AUDIO,0,1,0,191560
2026-03-17T10:55:25.014Z,Playlist,pt,"Red Velvet - Bing Bing",false,"United States",256002833,1468949016,"home / playlist_detail",2026-03-17T10:55:25.014Z,NATURAL_END_OF_TRACK,2026-03-17T10:58:55.244Z,2026-03-17T10:58:55.272Z,2026-03-17T10:55:40.263Z,202404,194981,202404,AUDIO,0,1,0,201947
2026-03-17T10:51:49.273Z,Playlist,pt,"ITZY - Sorry Not Sorry",false,"United States",256002833,1608247330,"home / playlist_detail",2026-03-17T10:51:49.273Z,NATURAL_END_OF_TRACK,2026-03-17T10:55:25.202Z,2026-03-17T10:55:25.237Z,2026-03-17T10:54:35.910Z,189787,139090,189786,AUDIO,0,1,0,190236
2026-03-17T10:49:14.952Z,Playlist,pt,"Girls' Generation - PARTY",false,"United States",256002833,1015771708,"home / playlist_detail",2026-03-17T10:49:14.952Z,PLAYBACK_SUSPENDED,2026-03-17T10:49:59.805Z,2026-03-17T10:49:59.907Z,2026-03-17T10:49:14.952Z,44487,44853,193813,AUDIO,0,1,0,44853
2026-03-13T20:04:58.937Z,Playlist,pt,"Olivia Rodrigo - good 4 u",false,"United States",256002833,1560735551,"home / playlist_detail",2026-03-13T20:04:58.937Z,NATURAL_END_OF_TRACK,2026-03-17T10:49:15.001Z,2026-03-17T10:49:15.072Z,2026-03-17T10:48:14.121Z,178796,178055,178796,AUDIO,0,4,2,369976
2026-03-17T10:39:18.623Z,Playlist,pt,"EXO - Ko Ko Bop",false,"United States",256002833,1260294772,"home / playlist_detail",2026-03-17T10:39:18.623Z,NATURAL_END_OF_TRACK,2026-03-17T10:44:50.503Z,2026-03-17T10:44:50.527Z,2026-03-17T10:44:47.252Z,190422,70903,190422,AUDIO,0,1,0,191478
2026-03-15T12:24:49.583Z,Playlist,pt,"aespa - Lingo",false,"United States",256002833,1626752990,"home / playlist_detail",2026-03-15T12:24:49.583Z,NATURAL_END_OF_TRACK,2026-03-17T10:39:18.720Z,2026-03-17T10:39:18.752Z,2026-03-17T10:38:01.944Z,156866,157071,156866,AUDIO,0,2,0,314035
2026-03-17T10:30:40.244Z,Playlist,pt,"EVERGLOW - UNTOUCHABLE",false,"United States",256002833,1569744631,"home / playlist_detail",2026-03-17T10:30:40.244Z,NATURAL_END_OF_TRACK,2026-03-17T10:35:41.390Z,2026-03-17T10:35:41.429Z,2026-03-17T10:34:30.448Z,190960,70942,190960,AUDIO,0,1,0,191496
2026-03-17T10:26:10.778Z,Playlist,pt,"Red Velvet - Feel My Rhythm",false,"United States",256002833,1614179710,"home / playlist_detail",2026-03-17T10:26:10.778Z,"MANUALLY_SELECTED_PLAYBACK_OF_A_DIFF_ITEM",2026-03-17T10:30:40.114Z,2026-03-17T10:30:40.195Z,2026-03-17T10:30:35.222Z,150595,115227,210253,AUDIO,0,1,1,151382
2026-03-17T10:20:46.654Z,Playlist,pt,"Sia - Cheap Thrills",false,"United States",256002833,1162482549,"home / playlist_detail",2026-03-17T10:20:46.654Z,NATURAL_END_OF_TRACK,2026-03-17T10:26:10.814Z,2026-03-17T10:26:10.895Z,2026-03-17T10:25:10.046Z,211710,60768,211710,AUDIO,0,1,0,212589
2026-03-17T10:16:08.687Z,Playlist,pt,"EXO - Love Shot",false,"United States",256002833,1446231541,"home / playlist_detail",2026-03-17T10:16:08.687Z,"MANUALLY_SELECTED_PLAYBACK_OF_A_DIFF_ITEM",2026-03-17T10:16:12.294Z,2026-03-17T10:16:12.353Z,2026-03-17T10:16:08.687Z,3407,3607,200306,AUDIO,0,1,1,3607
2026-03-12T13:32:14.142Z,Album,"Taylor Swift - THE TORTURED POETS DEPARTMENT: THE ANTHOLOGY","Taylor Swift - Clara Bow",false,"United States",1742057774,1742058107,"home / playlist_detail",2026-03-12T13:32:14.142Z,NATURAL_END_OF_TRACK,2026-03-16T22:02:13.706Z,2026-03-16T22:02:13.794Z,2026-03-16T21:58:36.810Z,216713,217117,216000,AUDIO,0,7,0,1519381
2026-03-15T23:33:13.245Z,Album,"Gracie Abrams - Apple Music Live: Gracie Abrams","Gracie Abrams - Free Now (Apple Music Live)",false,"United States",1845403813,1845404111,"home / album_detail",2026-03-15T23:33:13.245Z,"MANUALLY_SELECTED_PLAYBACK_OF_A_DIFF_ITEM",2026-03-15T23:36:33.176Z,2026-03-15T23:36:33.449Z,2026-03-15T23:33:13.245Z,199971,199931,318651,AUDIO,0,1,1,199931
2026-03-15T23:14:22.273Z,Album,"Gracie Abrams - Apple Music Live: Gracie Abrams","Gracie Abrams - us. (Apple Music Live)",false,"United States",1845403813,1845404112,"home / album_detail",2026-03-15T23:14:22.273Z,NATURAL_END_OF_TRACK,2026-03-15T23:29:00.165Z,2026-03-15T23:29:00.192Z,2026-03-15T23:26:25.683Z,298256,154482,298256,AUDIO,0,1,0,298539
2026-03-15T23:10:37.373Z,Album,"Gracie Abrams - Apple Music Live: Gracie Abrams","Gracie Abrams - That’s So True (Apple Music Live)",false,"United States",1845403813,1845404113,"home / album_detail",2026-03-15T23:10:37.373Z,NATURAL_END_OF_TRACK,2026-03-15T23:14:22.121Z,2026-03-15T23:14:22.166Z,2026-03-15T23:10:37.373Z,224516,224748,224515,AUDIO,0,1,0,224748
2026-03-15T21:51:45.650Z,Album,"Gracie Abrams - Apple Music Live: Gracie Abrams","Gracie Abrams - Close To You (Apple Music Live)",false,"United States",1845403813,1845404114,"home / album_detail",2026-03-15T21:51:45.650Z,"MANUALLY_SELECTED_PLAYBACK_OF_A_DIFF_ITEM",2026-03-15T23:10:37.201Z,2026-03-15T23:10:37.272Z,2026-03-15T23:06:17.007Z,259891,260194,295795,AUDIO,0,2,2,275040
2026-03-15T23:06:11.802Z,Album,"Gracie Abrams - Apple Music Live: Gracie Abrams","Gracie Abrams - I miss you, I'm sorry (Apple Music Live)",false,"United States",1845403813,1845404109,"home / album_detail",2026-03-15T23:06:11.802Z,TRACK_SKIPPED_FORWARDS,2026-03-15T23:06:16.763Z,2026-03-15T23:06:16.941Z,2026-03-15T23:06:11.802Z,5087,4961,273064,AUDIO,0,1,1,4961
2026-03-15T01:15:11.779Z,Album,"Gracie Abrams - Apple Music Live: Gracie Abrams","Gracie Abrams - Right Now (Apple Music Live)",false,"United States",1845403813,1845404110,"home / album_detail",2026-03-15T01:15:11.779Z,NATURAL_END_OF_TRACK,2026-03-15T23:06:12.068Z,2026-03-15T23:06:12.122Z,2026-03-15T23:02:21.874Z,369995,369884,369995,AUDIO,0,3,1,743967
2026-03-15T22:00:34.546Z,Album,"Gracie Abrams - Apple Music Live: Gracie Abrams","Gracie Abrams - I Told You Things (Apple Music Live)",false,"United States",1845403813,1845404107,"home / album_detail",2026-03-15T22:00:34.546Z,NATURAL_END_OF_TRACK,2026-03-15T22:05:31.911Z,2026-03-15T22:05:31.977Z,2026-03-15T22:01:38.958Z,232733,232953,232733,AUDIO,0,2,1,293188
2026-03-15T01:29:53.161Z,Album,"Gracie Abrams - Apple Music Live: Gracie Abrams","Gracie Abrams - Packing It Up (Apple Music Live)",false,"United States",1845403813,1845404106,"home / album_detail",2026-03-15T01:29:53.161Z,"MANUALLY_SELECTED_PLAYBACK_OF_A_DIFF_ITEM",2026-03-15T22:00:34.397Z,2026-03-15T22:00:34.597Z,2026-03-15T22:00:32.677Z,207769,207719,496913,AUDIO,0,2,2,209439
2026-03-15T21:51:42.924Z,Album,"Gracie Abrams - Apple Music Live: Gracie Abrams","Gracie Abrams - Death Wish (Apple Music Live)",false,"United States",1845403813,1845403831,"home / album_detail",2026-03-15T21:51:42.924Z,TRACK_SKIPPED_FORWARDS,2026-03-15T21:51:45.637Z,2026-03-15T21:51:45.787Z,2026-03-15T21:51:42.924Z,2471,2713,349223,AUDIO,0,1,1,2713
2026-03-15T21:38:50.705Z,Album,"Gracie Abrams - Apple Music Live: Gracie Abrams","Gracie Abrams - 21 (Apple Music Live)",false,"United States",1845403813,1845403819,"home / album_detail",2026-03-15T21:38:50.705Z,NATURAL_END_OF_TRACK,2026-03-15T21:42:15.021Z,2026-03-15T21:42:15.047Z,2026-03-15T21:38:58.013Z,196780,197008,196780,AUDIO,0,2,1,199481
2026-03-13T20:40:10.840Z,Playlist,"girlypop track beat","Taylor Swift - Getaway Car",false,"United States",256001809,1440934262,"home / see_all / playlist_detail",2026-03-13T20:40:10.840Z,TRACK_SKIPPED_FORWARDS,2026-03-15T20:14:08.488Z,2026-03-15T20:14:08.694Z,2026-03-15T20:13:56.048Z,233688,233875,233626,AUDIO,0,4,1,795539
2026-02-28T21:08:01.576Z,Album,"Taylor Swift - THE TORTURED POETS DEPARTMENT: THE ANTHOLOGY","Taylor Swift - Who’s Afraid of Little Old Me?",false,"United States",1742057774,1742058100,"home / see_all / playlist_detail",2026-02-28T21:08:01.576Z,NATURAL_END_OF_TRACK,2026-03-15T18:24:14.016Z,2026-03-15T18:24:14.086Z,2026-03-15T18:18:39.220Z,334139,1547233,334132,AUDIO,0,22,9,6850522
2026-03-13T17:09:36.744Z,Album,"Taylor Swift - THE TORTURED POETS DEPARTMENT: THE ANTHOLOGY","Taylor Swift - Fortnight (feat. Post Malone)",false,"United States",1742057774,1742057775,"home / see_all / playlist_detail",2026-03-13T17:09:36.744Z,PLAYBACK_MANUALLY_PAUSED,2026-03-15T18:11:52.871Z,2026-03-15T18:11:52.935Z,2026-03-15T18:11:52.347Z,229009,229163,229022,AUDIO,0,3,2,459668
2026-03-15T13:06:54.793Z,Playlist,pt,"Red Velvet - Jumpin’",false,"United States",256002833,1476513530,"home / see_all / playlist_detail",2026-03-15T13:06:54.793Z,PLAYBACK_SUSPENDED,2026-03-15T13:07:03.155Z,2026-03-15T13:07:03.247Z,2026-03-15T13:06:54.793Z,8102,8362,215820,AUDIO,0,1,0,8362
2026-03-13T10:39:40.417Z,Playlist,pt,"Red Velvet - Butterflies",false,"United States",256002833,1444409445,"home / see_all / playlist_detail",2026-03-13T10:39:40.417Z,"MANUALLY_SELECTED_PLAYBACK_OF_A_DIFF_ITEM",2026-03-15T13:06:54.679Z,2026-03-15T13:06:54.732Z,2026-03-15T13:06:47.907Z,209201,209165,209201,AUDIO,0,2,1,215937
2026-03-15T13:03:14.187Z,Playlist,pt,"Girls' Generation - Mr. Taxi",false,"United States",256002833,1440769281,"home / see_all / playlist_detail",2026-03-15T13:03:14.187Z,NATURAL_END_OF_TRACK,2026-03-15T13:06:47.927Z,2026-03-15T13:06:48.029Z,2026-03-15T13:03:14.187Z,213347,213740,213347,AUDIO,0,1,0,213740
2026-03-15T13:02:59.950Z,Playlist,pt,"BoA - Woman",false,"United States",256002833,1439776262,"home / see_all / playlist_detail",2026-03-15T13:02:59.950Z,"MANUALLY_SELECTED_PLAYBACK_OF_A_DIFF_ITEM",2026-03-15T13:03:13.388Z,2026-03-15T13:03:13.462Z,2026-03-15T13:03:09.257Z,6515,4131,170368,AUDIO,0,1,1,6342
2026-03-13T11:05:56.285Z,Playlist,pt,"CHUNG HA - Gotta Go",false,"United States",256002833,1569281536,"home / see_all / playlist_detail",2026-03-13T11:05:56.285Z,"MANUALLY_SELECTED_PLAYBACK_OF_A_DIFF_ITEM",2026-03-15T13:02:59.763Z,2026-03-15T13:02:59.978Z,2026-03-15T13:02:25.535Z,221813,221703,221813,AUDIO,0,2,1,255931
2026-03-13T02:38:08.023Z,Playlist,pt,"ITZY - In the Morning",false,"United States",256002833,1608247025,"home / see_all / playlist_detail",2026-03-13T02:38:08.023Z,NATURAL_END_OF_TRACK,2026-03-15T13:02:25.637Z,2026-03-15T13:02:25.673Z,2026-03-15T12:59:32.935Z,172373,172702,172373,AUDIO,0,2,0,344967
2026-03-15T12:59:09.209Z,Playlist,pt,"Red Velvet - Love Is The Way",false,"United States",256002833,1476513519,"home / see_all / playlist_detail",2026-03-15T12:59:09.209Z,TRACK_SKIPPED_FORWARDS,2026-03-15T12:59:32.660Z,2026-03-15T12:59:32.895Z,2026-03-15T12:59:09.209Z,23243,23451,211987,AUDIO,0,1,1,23451
2026-03-15T12:59:07.521Z,Playlist,pt,"TWICE - Alcohol-Free",false,"United States",256002833,1566636563,"home / see_all / playlist_detail",2026-03-15T12:59:07.521Z,TRACK_SKIPPED_FORWARDS,2026-03-15T12:59:09.085Z,2026-03-15T12:59:09.259Z,2026-03-15T12:59:07.521Z,1364,1564,210573,AUDIO,0,1,1,1564
2026-03-15T12:57:27.413Z,Playlist,pt,"Bebe Rexha & ITZY - Break My Heart Myself",false,"United States",256002833,1635865436,"home / see_all / playlist_detail",2026-03-15T12:57:27.413Z,TRACK_SKIPPED_FORWARDS,2026-03-15T12:59:07.341Z,2026-03-15T12:59:07.539Z,2026-03-15T12:57:27.413Z,99448,99928,162274,AUDIO,0,1,1,99928
2026-03-15T12:54:52.853Z,Playlist,pt,"aespa - Girls",false,"United States",256002833,1626752985,"home / see_all / playlist_detail",2026-03-15T12:54:52.853Z,"MANUALLY_SELECTED_PLAYBACK_OF_A_DIFF_ITEM",2026-03-15T12:57:26.653Z,2026-03-15T12:57:26.728Z,2026-03-15T12:57:21.164Z,90409,84778,240440,AUDIO,0,1,1,90641
2026-03-15T12:51:11.954Z,Playlist,pt,"IZ*ONE - La Vie en Rose",false,"United States",256002833,1569280531,"home / see_all / playlist_detail",2026-03-15T12:51:11.954Z,NATURAL_END_OF_TRACK,2026-03-15T12:54:51.147Z,2026-03-15T12:54:51.182Z,2026-03-15T12:51:11.954Z,218994,219193,218994,AUDIO,0,1,0,219193
