Origin,"Date Created","Play Duration Milliseconds","Artist Name","Last Played","Play Count",Genres,Artists
UNKNOWN,20250324,541169,N/A,1742785029598,3,"Music, Pop","Taylor Swift"
UNKNOWN,20250325,133791,N/A,1742891335384,2,"Music, Pop","Taylor Swift"
UNKNOWN,20250328,462616,N/A,1743165708782,3,"Alternative, Music, R&B/Soul","AGNEZ MO, Bleachers"
UNKNOWN,20260116,1807672,N/A,1768607983204,11,"Music, Pop","Maroon 5, Sabrina Carpenter, Tate McRae, Taylor Swift"
UNKNOWN,20260117,16642599,N/A,1768693192867,81,"Alternative, Music, Pop","Sabrina Carpenter, Taylor Swift"
UNKNOWN,20260118,3337520,N/A,1768750285564,17,"Alternative, Music, Pop","Taylor Swift"
UNKNOWN,20260119,3116335,N/A,1768866716510,20,"Alternative, K-Pop, Music, Pop, Rock","Cher Lloyd, EXO, Red Velvet - IRENE & SEULGI, Taylor Swift"
UNKNOWN,20260120,3665583,N/A,1768932494856,23,"Dance, K-Pop, Music, Pop","EXO, Gryffin, aespa"
UNKNOWN,20260121,2037785,N/A,1769018055826,13,"K-Pop, Music, Pop","EXO, Taylor Swift"
UNKNOWN,20260122,1820618,N/A,1769125509547,14,"K-Pop, Music, Pop","BAEKHYUN, EXO, Loco, Sabrina Carpenter"
UNKNOWN,20260123,17876574,N/A,1769212651909,86,"Dance, Music, Pop","Harry Styles, Taylor Swift"
UNKNOWN,20260124,5421337,N/A,1769293660173,30,"Music, Pop","Taylor Swift"
UNKNOWN,20260125,5017844,N/A,1769385500579,28,"K-Pop, Music, Pop","EXO, Taylor Swift"
UNKNOWN,20260126,13297353,N/A,1769453301572,65,"Music, Pop","Taylor Swift"
UNKNOWN,20260127,7302872,N/A,1769556663916,37,"Music, Pop","Taylor Swift"
UNKNOWN,20260128,7419017,N/A,1769650838738,38,"Dance, K-Pop, Music, Pop","TWICE, Taylor Swift, Zara Larsson"
UNKNOWN,20260129,10337671,N/A,1769720092516,45,"Dance, Music, Pop","Taylor Swift, Zara Larsson"
UNKNOWN,20260130,4120167,N/A,1769817534155,23,"Music, Pop","Taylor Swift"
UNKNOWN,20260131,8705623,N/A,1769900918523,48,"Music, Pop","Sabrina Carpenter, Taylor Swift"
UNKNOWN,20260201,5573403,N/A,1769991357236,29,"Music, Pop","Sabrina Carpenter, Taylor Swift, The Chainsmokers"
UNKNOWN,20260202,9772866,N/A,1770076003321,50,"Alternative, Music, Pop","Gracie Abrams, Lorde, Sabrina Carpenter, Taylor Swift"
UNKNOWN,20260203,12910645,N/A,1770157755320,63,"Alternative, K-Pop, Music, Pop","Gracie Abrams, Lorde, Reneé Rapp, Sabrina Carpenter, aespa"
UNKNOWN,20260204,5772581,N/A,1770255748369,34,"Alternative, Dance, Electronic, Music, Pop","Air, Harry Styles, Luca Longobardi, Minnz Piano, Olivia Rodrigo"
UNKNOWN,20260205,6434921,N/A,1770333486718,37,"K-Pop, Latin, Music, Pop","Bad Bunny, Gracie Abrams, JENNIE, Taylor Swift"
UNKNOWN,20260206,11785255,N/A,1770416922882,63,"Alternative, Dance, K-Pop, Music, Pop","Childish Gambino, Doechii, Dominic Fike, Dua Lipa, FKJ, JENNIE, Kali Uchis, Tame Impala, Taylor Swift"
UNKNOWN,20260207,2842661,N/A,1770482382420,14,"Alternative, Dance, Music, Soundtrack, Soundtrack","Coco O., Fergie, GoonRock, JAŸ-Z, JENNIE, Kanye West, Lana Del Rey, Q-Tip, Tame Impala, will.i.am"
UNKNOWN,20260208,2689509,N/A,1770577115777,12,"Alternative, Dance, Music, Soundtrack, Soundtrack","Coco O., Fergie, Florence + the Machine, GoonRock, JAŸ-Z, JENNIE, Kanye West, Lana Del Rey, Nero, Q-Tip, Tame Impala, Taylor Swift, will.i.am"
UNKNOWN,20260209,7426259,N/A,1770680210150,41,"Music, Pop, Soundtrack, Soundtrack","Fergie, GoonRock, Lana Del Rey, Q-Tip, Sabrina Carpenter, Taylor Swift"
UNKNOWN,20260210,1184203,N/A,1770755553794,6,"Dance, Music, Pop, Soundtrack, Soundtrack","Fergie, GoonRock, Harry Styles, Lana Del Rey, Q-Tip"
UNKNOWN,20260211,7988388,N/A,1770853968667,37,"Latin, Music, Pop, Soundtrack, Soundtrack","Bad Bunny, Coco O., Fergie, GoonRock, Los Pleneros de la Cresta, Q-Tip, Sabrina Carpenter, Taylor Swift"
UNKNOWN,20260212,2254198,N/A,1770926860309,5,"Music, Soundtrack, Soundtrack","Fergie, GoonRock, Lana Del Rey, Q-Tip, Sia"
UNKNOWN,20260213,1654874,N/A,1771028694108,6,"Latin, Music, Pop, Soundtrack, Soundtrack","Bad Bunny, Charli xcx, Fergie, GoonRock, John Cale, Q-Tip, Sia, Taylor Swift"
UNKNOWN,20260214,4202631,N/A,1771111586877,22,"Alternative, Dance, Music, Pop, Soundtrack, Soundtrack","Fergie, GoonRock, JENNIE, Lana Del Rey, Q-Tip, Tame Impala, Taylor Swift"
UNKNOWN,20260215,6223855,N/A,1771127017757,31,"Alternative, Music, Pop","Taylor Swift"
UNKNOWN,20260216,211454,N/A,1771213980244,1,"Music, Pop","Taylor Swift"
UNKNOWN,20260217,12888305,N/A,1771373553255,55,"Music, Pop","Taylor Swift"
UNKNOWN,20260218,7195585,N/A,1771448307501,40,"Alternative, K-Pop, Latin, Latin Urban, Music, Pop, Soundtrack, Soundtrack","Bad Bunny, Coco O., Fergie, GoonRock, JHAYCO, Lana Del Rey, Q-Tip, Taylor Swift, aespa"
UNKNOWN,20260219,649263,N/A,1771517030362,4,"Latin, Latin Urban, Music","Bad Bunny, JHAYCO"
UNKNOWN,20260220,2839882,N/A,1771629150500,17,"Music, Pop","Ed Sheeran"
UNKNOWN,20260221,3212083,N/A,1771716253138,19,"Music, Original Score, Pop, Soundtrack, Soundtrack","Chris Lake, Ed Sheeran, Fergie, GoonRock, Lana Del Rey, Lorde, Q-Tip, Rachel Zegler, Santigold, Skream, Stromae, Taylor Swift"
UNKNOWN,20260222,4910111,N/A,1771804614470,25,"Latin, Music, Original Score, Pop, Soundtrack, Soundtrack","Bad Bunny, Coco O., Fergie, GoonRock, Gracie Abrams, Lana Del Rey, Q-Tip, Sia, Taylor Swift"
UNKNOWN,20260223,11166762,N/A,1771882475052,38,"Music, Pop","BUNT., Ed Sheeran, Ely Oaks, Skream, Taylor Swift"
UNKNOWN,20260224,3791366,N/A,1771976434494,17,"Music, Pop, Soundtrack, Soundtrack","Fergie, GoonRock, Lana Del Rey, Q-Tip, Taylor Swift"
UNKNOWN,20260225,16023591,N/A,1772051223802,87,"Latin, Latin Urban, Music, Pop","Bad Bunny, Ely Oaks, JHAYCO, Reneé Rapp, Taylor Swift"
UNKNOWN,20260226,4284232,N/A,1772090426428,21,"Alternative, Latin, Music, Pop","Bad Bunny, Bleachers, Los Pleneros de la Cresta, Taylor Swift"
UNKNOWN,20260227,15899215,N/A,1772245873425,83,"Alternative, Country, Dance, Music, Pop","Gracie Abrams, JENNIE, Olivia Rodrigo, Tame Impala, Taylor Swift"
UNKNOWN,20260228,6189627,N/A,1772315118690,34,"Music, Pop","Ely Oaks, Gracie Abrams, Taylor Swift"
UNKNOWN,20260301,2748032,N/A,1772414623351,11,"Music, Pop, Soundtrack, Soundtrack","Fergie, GoonRock, Gracie Abrams, Lana Del Rey, Q-Tip, Taylor Swift"
UNKNOWN,20260302,13350922,N/A,1772484904042,59,"Music, Pop","Gracie Abrams, Taylor Swift"
UNKNOWN,20260303,6488497,N/A,1772585869640,27,"Music, Pop","Gracie Abrams"
UNKNOWN,20260304,16981007,N/A,1772676648985,53,"Alternative, Music, Pop","Gracie Abrams, Mitski"
UNKNOWN,20260305,8872849,N/A,1772754234017,36,"Music, Pop","Gracie Abrams, Taylor Swift"
UNKNOWN,20260306,5797199,N/A,1772841351393,28,"Dance, K-Pop, Music, Pop","Gracie Abrams, Harry Styles, JENNIE, Taylor Swift"
UNKNOWN,20260307,9983567,N/A,1772918316616,38,"Music, Pop","Gracie Abrams, Taylor Swift"
UNKNOWN,20260308,19293304,N/A,1773014302196,63,"Music, Pop","Gracie Abrams, Taylor Swift"
UNKNOWN,20260309,18137915,N/A,1773099157499,58,"Dance, K-Pop, Music, Pop, Soundtrack, Soundtrack","Fergie, GoonRock, Gracie Abrams, Harry Styles, JENNIE, Q-Tip, Zara Larsson"
UNKNOWN,20260310,5407986,N/A,1773182283260,22,"Music, Pop","Gracie Abrams"
UNKNOWN,20260311,9402855,N/A,1773265335761,44,"Alternative, Music, Pop, Soundtrack, Soundtrack","Bleachers, Fergie, GoonRock, Gracie Abrams, Harry Styles, JAŸ-Z, Kanye West, Lana Del Rey, Q-Tip, Sia, Taylor Swift"
UNKNOWN,20260312,8347410,N/A,1773358587159,40,"Music, Pop, Soundtrack, Soundtrack","Fergie, GoonRock, Gracie Abrams, Lana Del Rey, Q-Tip, Taylor Swift"
UNKNOWN,20260313,13371159,N/A,1773446354509,52,"Country, Dance, Music, Pop","Beyoncé, Brittney Spencer, Linda Martell, Reyna Roberts, Rumi Carter, Shaboozey, Tanner Adell, Taylor Swift, Tiera Kennedy, Willie Jones, Willie Nelson, Zara Larsson"
UNKNOWN,20260314,11627101,N/A,1773527773182,62,"Music, Pop","Beyoncé, Sabrina Carpenter, Taylor Swift"
UNKNOWN,20260315,10460814,N/A,1773619049687,56,"Music, Pop","Gracie Abrams, Sabrina Carpenter, Taylor Swift, Zara Larsson"
UNKNOWN,20260316,9734298,N/A,1773698082819,55,"Music, Pop","Taylor Swift, Zara Larsson"
UNKNOWN,20260317,11334357,N/A,1773799042044,62,"Alternative, Music, Pop","Gracie Abrams, Paris Paloma, Taylor Swift, Zara Larsson"
UNKNOWN,20260318,11787271,N/A,1773881865230,62,"Alternative, Music, Pop","Paris Paloma, Taylor Swift, Zara Larsson"
UNKNOWN,20260319,6257664,N/A,1773952913153,32,"Alternative, Dance, Music, Pop, Soundtrack, Soundtrack","Fergie, GoonRock, Harry Styles, Lana Del Rey, Paris Paloma, Q-Tip, Zara Larsson"
UNKNOWN,20260320,7390140,N/A,1774046810072,41,"Alternative, Dance, Music, Pop","Harry Styles, Paris Paloma, Taylor Swift"
UNKNOWN,20260321,22065080,N/A,1774130568826,104,"Alternative, Dance, Music, Pop","Harry Styles, Paris Paloma, Taylor Swift, Zara Larsson"
UNKNOWN,20260322,8619453,N/A,1774161455386,43,"Alternative, Dance, Music, Pop","Harry Styles, Paris Paloma, Taylor Swift"
UNKNOWN,20260323,7785509,N/A,1774303152864,43,"Alternative, Dance, Music, Pop","Ed Sheeran, Harry Styles, Paris Paloma"
USER_PLAYLIST,20260116,11124643,N/A,1768606698991,49,"Alternative, Dance, K-Pop, Music, Pop, Singer/Songwriter, Soundtrack","Audrey Hobert, Billie Eilish, Ed Sheeran, Eva Noblezada, FIFTY FIFTY, Gracie Abrams, Harry Styles, JENNIE, John Paul White, Joy Williams, Olivia Rodrigo, Phoebe Bridgers, Sabrina Carpenter, Tate McRae, Taylor Swift, Tiësto, aespa"
USER_PLAYLIST,20260117,34408,N/A,1768693229013,1,"Alternative, Music","Taylor Swift"
USER_PLAYLIST,20260118,14794961,N/A,1768769953300,70,"Alternative, K-Pop, Music, Pop, Rock, Soundtrack","BLACKPINK, Billie Eilish, CHEN, Cher Lloyd, Eva Noblezada, Gracie Abrams, Jessie Mueller, Kelley McRae, Lauren Spencer Smith, Olivia Rodrigo, Phoebe Bridgers, Reeve Carney, Reneé Rapp, SUHO, Selena Gomez, Skylar Grey, TAEYEON, Taylor Swift, The National"
USER_PLAYLIST,20260119,2160632,N/A,1768844734082,13,"Alternative, K-Pop, Music, Pop","BLACKPINK, Phoebe Bridgers, Red Velvet, SUHO, Selena Gomez, TAEYEON, Taylor Swift"
USER_PLAYLIST,20260120,6621939,N/A,1768956142029,32,"Alternative, Hip Hop/Rap, K-Pop, Music, Pop, Soundtrack","Billie Eilish, CHEN, CLC, EXO, Ed Sheeran, Gracie Abrams, Harry Styles, Mandy Gonzalez, Olivia Rodrigo, Phoebe Bridgers, Reneé Rapp, Sabrina Carpenter, Taylor Swift, aespa"
USER_PLAYLIST,20260121,20881649,N/A,1769047289902,98,"Adult Alternative, Alternative, Contemporary Singer/Songwriter, Dance, Electronic, Hip Hop/Rap, Hip-Hop, Indie Rock, K-Pop, Music, Original Score, Pop, Rock, Singer/Songwriter, Soundtrack, Soundtrack","BLACKPINK, Beyoncé, Birdy, Bleachers, Bon Iver, Coldplay, Dua Lipa, EXO, Ed Sheeran, Fun., Girls' Generation, Gracie Abrams, Harry Styles, ITZY, IVE, Kodaline, LE SSERAFIM, Lana Del Rey, Little Mix, M83, Nile Rodgers, Of Monsters and Men, One Direction, Owl City, Red Velvet, Selena Gomez, Snow Patrol, TWICE, Taylor Swift, The National"
USER_PLAYLIST,20260122,2999746,N/A,1769100119962,17,"Adult Alternative, Alternative, Dance, K-Pop, Mandopop, Music, Pop, Rock, Soundtrack, World","Ava Max, BAEKHYUN, Beyoncé, Coldplay, Dua Lipa, JENNIE, Little Mix, MARINA, Reneé Rapp, SHINee, Tate McRae, Taylor Swift, 张艺兴"
USER_PLAYLIST,20260123,7274872,N/A,1769211850458,43,"Alternative, Contemporary R&B, Dance, Electronic, Hip Hop/Rap, K-Pop, Music, Pop, R&B/Soul, Rock, Teen Pop","Audrey Hobert, BLACKPINK, Charli xcx, Destiny's Child, Dua Lipa, Ethel Cain, Girls' Generation, Gracie Abrams, JADE, JENNIE, LOONA, Little Mix, Lorde, Ravyn Lenae, Red Velvet, Sabrina Carpenter, Selena Gomez, TWICE, Tate McRae, Taylor Swift, aespa"
USER_PLAYLIST,20260124,1192931,N/A,1769273380842,8,"K-Pop, Latin, Music, Pop","Dua Lipa, Harry Styles, ITZY, Red Velvet, TWICE, Taylor Swift"
USER_PLAYLIST,20260125,11678020,N/A,1769378540359,53,"Alternative, Music, Pop, R&B/Soul, Soundtrack","AGNEZ MO, Billie Eilish, Ed Sheeran, Eva Noblezada, Gracie Abrams, Harry Styles, Jessie Mueller, John Paul White, Joy Williams, Olivia Rodrigo, Reneé Rapp, Selena Gomez, Taylor Swift"
USER_PLAYLIST,20260126,686436,N/A,1769404581843,3,"Alternative, Music","Lorde, Taylor Swift"
USER_PLAYLIST,20260127,2697996,N/A,1769533988566,12,"Alternative, Music, Pop","Billie Eilish, Ed Sheeran, Olivia Rodrigo, Phoebe Bridgers, Reneé Rapp, Taylor Swift"
USER_PLAYLIST,20260128,156237,N/A,1769630749928,1,"Electronic, Music","Alan Walker, 张艺兴"
USER_PLAYLIST,20260206,2766112,N/A,1770422384775,14,"Alternative, Music, Pop","Bleachers, Gracie Abrams, John Paul White, Joy Williams, Olivia Rodrigo, Reneé Rapp, Taylor Swift"
USER_PLAYLIST,20260207,9241733,N/A,1770488387193,49,"Alternative, Music, Pop, R&B/Soul, Singer/Songwriter, Soundtrack","AGNEZ MO, Billie Eilish, Ed Sheeran, Gracie Abrams, Harry Styles, Jessie Mueller, Lauren Spencer Smith, Olivia Rodrigo, Phoebe Bridgers, Reneé Rapp, Taylor Swift"
USER_PLAYLIST,20260208,4393470,N/A,1770579923495,22,"Alternative, Music, Pop, R&B/Soul, Soundtrack","AGNEZ MO, Gracie Abrams, Jessie Mueller, John Paul White, Joy Williams, Taylor Swift"
USER_PLAYLIST,20260209,1142642,N/A,1770610434262,6,"Music, Pop","Ed Sheeran, Taylor Swift"
USER_PLAYLIST,20260214,8212399,N/A,1771100004232,39,"Adult Alternative, Alternative, Country, Indie Rock, K-Pop, Music, Pop, Rock, Soundtrack","Big Red Machine, Billie Eilish, Bleachers, Bon Iver, CHEN, Carly Rae Jepsen, Coldplay, Eva Noblezada, Fun., Glee Cast, Jewelle Blackman, Kay Trinidad, Kodaline, Lana Del Rey, M83, Olivia Rodrigo, Phoebe Bridgers, Red Velvet, SUHO, Selena Gomez, Snow Patrol, Taylor Swift, Yvette Gonzalez-Nacer"
USER_PLAYLIST,20260215,12663020,N/A,1771198108413,63,"Alternative, Country, K-Pop, Mandopop, Music, Musicals, Pop, Singer/Songwriter, Soundtrack, Soundtrack","'In The Heights' Original Broadway Company, Anthony Ramos, Corey Hawkins, Daphne Rubin-Vega, Dascha Polanco, Ed Sheeran, Elle McLemore, Girls' Generation, Gracie Abrams, Gregory Diaz IV, Harry Styles, Jessie Mueller, Jimmy Smits, Leslie Grace, Lin-Manuel Miranda, Mandy Gonzalez, Melissa Barrera, Noah Catala, Phoebe Bridgers, Red Velvet, Reneé Rapp, Sara Bareilles, Sia, Stephanie Beatriz, TAEYEON, Taylor Swift, The National, 张艺兴"
USER_PLAYLIST,20260216,57873148,N/A,1771286382139,242,"Alternative, Country, Hip Hop/Rap, Mandopop, Music, Musicals, Pop, R&B/Soul, Rap, Rock, Singer/Songwriter, Soundtrack, Soundtrack","AGNEZ MO, Alexx Calise, Alicia Keys, Big Red Machine, Billie Eilish, Cher Lloyd, Ed Sheeran, Eva Noblezada, Glee Cast, Gracie Abrams, Harry Styles, Jessie Mueller, John Paul White, Joy Williams, Lauren Spencer Smith, Leslie Odom, Jr., Lin-Manuel Miranda, Little Mix, Olivia Rodrigo, Original Broadway Cast of ""Hamilton"", Phillipa Soo, Phoebe Bridgers, Reneé Rapp, Renée Elise Goldsberry, Selena Gomez, Taylor Swift, The National, 张艺兴"
USER_PLAYLIST,20260217,13840674,N/A,1771314428162,62,"Alternative, Country, J-Pop, K-Pop, Mandopop, Music, Pop, Singer/Songwriter, Soundtrack","Billie Eilish, EXO, EXO-CBX, Ed Sheeran, Eva Noblezada, Gracie Abrams, Olivia Rodrigo, Phoebe Bridgers, Red Velvet, Reneé Rapp, Taylor Swift, The National, 张艺兴"
USER_PLAYLIST,20260218,9450076,N/A,1771447606264,48,"Alternative, J-Pop, Music, Pop, R&B/Soul, Singer/Songwriter, Soundtrack","AGNEZ MO, Billie Eilish, EXO-CBX, Ed Sheeran, Glee Cast, Gracie Abrams, Olivia Rodrigo, Phoebe Bridgers, Sara Bareilles, Sia, Taylor Swift"
USER_PLAYLIST,20260219,2145018,N/A,1771545540640,12,"Music, Pop, Singer/Songwriter","Ed Sheeran, Gracie Abrams, John Paul White, Joy Williams, Reneé Rapp, Taylor Swift"
USER_PLAYLIST,20260220,18081954,N/A,1771631918240,74,"Alternative, Country, J-Pop, K-Pop, Music, Pop, R&B/Soul, Rock, Singer/Songwriter, Soundtrack","'In The Heights' Original Broadway Company, AGNEZ MO, Alexx Calise, Billie Eilish, EXO-CBX, Ed Sheeran, Glee Cast, Gracie Abrams, Harry Styles, John Paul White, Joy Williams, Lauren Spencer Smith, Lin-Manuel Miranda, Little Mix, Mandy Gonzalez, Olivia Rodrigo, Phoebe Bridgers, Red Velvet, Reneé Rapp, Sabrina Carpenter, Selena Gomez, TAEYEON, Taylor Swift, The National"
USER_PLAYLIST,20260221,15035712,N/A,1771718302134,71,"Alternative, Country, K-Pop, Music, Pop, Rock, Soundtrack","Billie Eilish, Cher Lloyd, Ed Sheeran, Eva Noblezada, Gracie Abrams, Harry Styles, Jewelle Blackman, Kay Trinidad, Lauren Spencer Smith, Olivia Rodrigo, Phoebe Bridgers, Reeve Carney, Reneé Rapp, SUHO, Selena Gomez, Song Young Joo, TAEYEON, Taylor Swift, Yvette Gonzalez-Nacer"
USER_PLAYLIST,20260222,40438672,N/A,1771801748221,139,"Alternative, Country, K-Pop, Music, Pop, R&B/Soul, Rock, Singer/Songwriter, Soundtrack","AGNEZ MO, Alexx Calise, Billie Eilish, CHEN, Ed Sheeran, Eva Noblezada, Gracie Abrams, Harry Styles, John Paul White, Joy Williams, Lorde, Olivia Rodrigo, Phoebe Bridgers, Red Velvet, Reneé Rapp, SUHO, Sabrina Carpenter, Song Young Joo, Taylor Swift, The National, WENDY"
USER_PLAYLIST,20260223,34960848,N/A,1771888629114,147,"Alternative, Music, Pop, R&B/Soul, Rock, Singer/Songwriter, Soundtrack","AGNEZ MO, Alexx Calise, Billie Eilish, Ed Sheeran, Eva Noblezada, Gracie Abrams, Harry Styles, John Paul White, Joy Williams, Lauren Spencer Smith, Olivia Rodrigo, Phoebe Bridgers, Reneé Rapp, Sabrina Carpenter, Taylor Swift, The National"
USER_PLAYLIST,20260224,15992368,N/A,1771967681416,74,"Alternative, Music, Pop, Rock, Soundtrack","Alexx Calise, Billie Eilish, Ed Sheeran, Gracie Abrams, Harry Styles, Olivia Rodrigo, Phoebe Bridgers, Reneé Rapp, Selena Gomez, Taylor Swift"
USER_PLAYLIST,20260225,4132115,N/A,1772063644444,23,"Alternative, Music, Pop, Soundtrack, Soundtrack","Ed Sheeran, Fergie, GoonRock, Gracie Abrams, Olivia Rodrigo, Phoebe Bridgers, Q-Tip, Reneé Rapp, Taylor Swift"
USER_PLAYLIST,20260226,1137134,N/A,1772116991149,5,"Alternative, Music, Pop","Olivia Rodrigo, Phoebe Bridgers, Taylor Swift"
USER_PLAYLIST,20260227,4059765,N/A,1772208167191,23,"Alternative, Dance, Hip Hop/Rap, Hip-Hop, K-Pop, Music, Pop","BIBI, BLACKPINK, Gracie Abrams, H.I.N.P (Hot Issue of Ntl. Producers), HyunA, ITZY, PRISTIN V, Phoebe Bridgers, Red Velvet, Red Velvet - IRENE & SEULGI, SEULGI, SUNMI, TAEYEON, Taylor Swift, YURI, aespa, miss A"
USER_PLAYLIST,20260312,1360422,N/A,1773359983276,7,"Dance, K-Pop, Music, Pop","Dua Lipa, Fifth Harmony, ITZY, Little Mix, Red Velvet, TWICE"
USER_PLAYLIST,20260313,16081033,N/A,1773448550311,89,"Alternative, Asia, Dance, Hip Hop/Rap, Hip-Hop, J-Pop, K-Pop, Latin, Music, Pop, R&B/Soul, Rock, Soundtrack, Soundtrack, Teen Pop, World","4Minute, Ariana Grande, Bebe Rexha, Beyoncé, CHUNG HA, David Guetta, Demi Lovato, Dua Lipa, EXO, Ed Sheeran, Fifth Harmony, Girls' Generation, Girls' Generation-TTS, Harry Styles, ITZY, IVE, Lana Del Rey, Little Mix, Lorde, Miley Cyrus, Olivia Rodrigo, Red Velvet, Red Velvet - IRENE & SEULGI, Sabrina Carpenter, Selena Gomez, Sia, TWICE, Tate McRae, Taylor Swift, The Weeknd, Victoria Monét, aespa"
USER_PLAYLIST,20260314,1036177,N/A,1773454718794,6,"Alternative, Dance, Music, Pop","Bebe Rexha, David Guetta, Lorde, Tate McRae, Taylor Swift"
USER_PLAYLIST,20260315,3981248,N/A,1773580007927,22,"Asia, Dance, Hip Hop/Rap, Hip-Hop, K-Pop, Music, Pop, Rock, Teen Pop, World","Bebe Rexha, CHUNG HA, Girls' Generation, HyunA, ITZY, IZ*ONE, KAI, LE SSERAFIM, Red Velvet, Red Velvet - IRENE & SEULGI, Sia, TAEMIN, TWICE, aespa"
USER_PLAYLIST,20260317,2736211,N/A,1773760692550,16,"Hip Hop/Rap, Hip-Hop, K-Pop, Music, Pop, Rock, Soundtrack, Soundtrack","CHUNG HA, EVERGLOW, EXO, Fergie, Girls' Generation, GoonRock, ITZY, Olivia Rodrigo, Q-Tip, Red Velvet, Sia, TWICE, aespa"
USER_PLAYLIST,20260321,2218748,N/A,1774111934938,11,"Alternative, Holiday, K-Pop, Music, Pop, Soundtrack","Ben Platt, BoA, CHEN, EXO, IRENE, KANGTA, KARINA, KUN, Kristolyn Lloyd, LEETEUK, Laura Dreyfuss, Leslie Odom, Jr., MARK, ONEW, Original Broadway Cast of Dear Evan Hansen, SUHO, TAEYEON, TAEYONG, Taylor Swift, U-KNOW, Will Roland"
"RECENT_FAVORITE_PERSONAL_MIX_PLAYLIST",20260202,1943364,N/A,1770066464065,9,"Music, Pop","Taylor Swift"
"RECENT_FAVORITE_PERSONAL_MIX_PLAYLIST",20260212,5405976,N/A,1770940649224,28,"Dance, K-Pop, Latin, Music, Pop","Bad Bunny, Harry Styles, JENNIE, Sabrina Carpenter, Taylor Swift, t.A.T.u."
"RECENT_FAVORITE_PERSONAL_MIX_PLAYLIST",20260213,9682608,N/A,1771025110078,52,"Dance, K-Pop, Latin, Latin Urban, Music, Pop","Bad Bunny, Gracie Abrams, Harry Styles, JENNIE, JHAYCO, Sabrina Carpenter, Taylor Swift, t.A.T.u."
"RECENT_FAVORITE_PERSONAL_MIX_PLAYLIST",20260214,2196490,N/A,1771086038900,11,"Latin, Music, Pop","Bad Bunny, Sabrina Carpenter, Taylor Swift, t.A.T.u."
"RECENT_FAVORITE_PERSONAL_MIX_PLAYLIST",20260215,8621875,N/A,1771194145905,47,"Latin, Latin Urban, Music, Pop","Bad Bunny, Don Omar, Jowell & Randy, Taylor Swift, Tego Calderón, t.A.T.u., Ñengo Flow"
"RECENT_FAVORITE_PERSONAL_MIX_PLAYLIST",20260216,3794581,N/A,1771264518781,18,"Latin, Latin Urban, Music, Pop","Bad Bunny, JHAYCO, Rauw Alejandro, Taylor Swift"
"RECENT_FAVORITE_PERSONAL_MIX_PLAYLIST",20260217,950636,N/A,1771312262053,5,"Alternative, Latin, Latin Urban, Music, Pop","Bad Bunny, Gracie Abrams, JHAYCO, Taylor Swift"
"RECENT_FAVORITE_PERSONAL_MIX_PLAYLIST",20260218,10882008,N/A,1771434446805,49,"Alternative, Latin, Latin Urban, Music, Pop, Singer/Songwriter","Bad Bunny, Ed Sheeran, Gracie Abrams, Harry Styles, Reneé Rapp, Taylor Swift"
"RECENT_FAVORITE_PERSONAL_MIX_PLAYLIST",20260219,9825806,N/A,1771555814653,43,"Alternative, Latin, Latin Urban, Music, Pop, Singer/Songwriter","Bad Bunny, Ed Sheeran, Gracie Abrams, JHAYCO, Olivia Rodrigo, Taylor Swift"
"RECENT_FAVORITE_PERSONAL_MIX_PLAYLIST",20260220,6815805,N/A,1771632133541,30,"Alternative, Latin, Latin Urban, Music, Pop","Bad Bunny, Ed Sheeran, Gracie Abrams, JHAYCO, Olivia Rodrigo, Taylor Swift"
"RECENT_FAVORITE_PERSONAL_MIX_PLAYLIST",20260221,5265912,N/A,1771704925959,25,"Alternative, Latin, Latin Urban, Music, Pop, Singer/Songwriter","Bad Bunny, Ed Sheeran, Gracie Abrams, JHAYCO, Olivia Rodrigo, Taylor Swift"
"RECENT_FAVORITE_PERSONAL_MIX_PLAYLIST",20260222,5546148,N/A,1771780929379,23,"Alternative, Latin, Latin Urban, Music, Pop, Singer/Songwriter","Bad Bunny, Ed Sheeran, Gracie Abrams, JHAYCO, Olivia Rodrigo, Taylor Swift"
"RECENT_FAVORITE_PERSONAL_MIX_PLAYLIST",20260224,1672749,N/A,1771977540794,6,"Alternative, Music, Pop","Gracie Abrams, Olivia Rodrigo, Taylor Swift"
"RECENT_FAVORITE_PERSONAL_MIX_PLAYLIST",20260225,6824635,N/A,1772063959510,29,"Alternative, Music, Pop","Billie Eilish, Gracie Abrams, John Paul White, Joy Williams, Olivia Rodrigo, Taylor Swift"
"RECENT_FAVORITE_PERSONAL_MIX_PLAYLIST",20260226,4177932,N/A,1772138959444,20,"Alternative, Music, Pop","Ed Sheeran, Gracie Abrams, Olivia Rodrigo, Phoebe Bridgers, Taylor Swift"
"RECENT_FAVORITE_PERSONAL_MIX_PLAYLIST",20260227,1579416,N/A,1772212530310,9,"Alternative, Latin, Latin Urban, Music, Pop","Bad Bunny, Gracie Abrams, JHAYCO, Olivia Rodrigo, Phoebe Bridgers, Reneé Rapp, Taylor Swift"
"RECENT_FAVORITE_PERSONAL_MIX_PLAYLIST",20260301,546723,N/A,1772404524545,2,"Music, Pop","Taylor Swift"
"RECENT_FAVORITE_PERSONAL_MIX_PLAYLIST",20260302,4190838,N/A,1772505995326,22,"Latin, Latin Urban, Music, Pop","Bad Bunny, Gracie Abrams, JHAYCO, Olivia Rodrigo, Taylor Swift"
"RECENT_FAVORITE_PERSONAL_MIX_PLAYLIST",20260303,1492480,N/A,1772550026086,8,"Music, Pop","Gracie Abrams, Reneé Rapp, Taylor Swift"
"RECENT_FAVORITE_PERSONAL_MIX_PLAYLIST",20260304,2848703,N/A,1772597630604,14,"Alternative, Music, Pop","Gracie Abrams, Phoebe Bridgers, Reneé Rapp, Taylor Swift"
"RECENT_FAVORITE_PERSONAL_MIX_PLAYLIST",20260305,4620075,N/A,1772755198338,14,"Alternative, Music, Pop","Lorde, PinkPantheress, Reneé Rapp, Taylor Swift"
"RECENT_FAVORITE_PERSONAL_MIX_PLAYLIST",20260306,7069844,N/A,1772840727664,36,"Music, Pop","PinkPantheress, Reneé Rapp, Taylor Swift, Zara Larsson"
"RECENT_FAVORITE_PERSONAL_MIX_PLAYLIST",20260307,1832954,N/A,1772907111166,9,"Music, Pop","PinkPantheress, Taylor Swift, Zara Larsson"
"RECENT_FAVORITE_PERSONAL_MIX_PLAYLIST",20260308,2922840,N/A,1773013698332,16,"Alternative, Music, Pop","Lorde, PinkPantheress, Reneé Rapp, Taylor Swift, Zara Larsson"
"RECENT_FAVORITE_PERSONAL_MIX_PLAYLIST",20260309,2736278,N/A,1773098486422,16,"Music, Pop","PinkPantheress, Taylor Swift, Zara Larsson"
"RECENT_FAVORITE_PERSONAL_MIX_PLAYLIST",20260310,2538300,N/A,1773117299191,13,"Alternative, Music, Pop","Lorde, Taylor Swift"
"RECENT_FAVORITE_PERSONAL_MIX_PLAYLIST",20260311,2326993,N/A,1773273757667,11,"Music, Pop","PinkPantheress, Taylor Swift"
"RECENT_FAVORITE_PERSONAL_MIX_PLAYLIST",20260312,5136190,N/A,1773338293658,27,"Alternative, Music, Pop","Lorde, PinkPantheress, Taylor Swift, Zara Larsson"
"RECENT_FAVORITE_PERSONAL_MIX_PLAYLIST",20260313,2702581,N/A,1773423048859,14,"Latin, Music, Pop","Bad Bunny, Harry Styles, PinkPantheress, Taylor Swift, Zara Larsson"
"RECENT_FAVORITE_PERSONAL_MIX_PLAYLIST",20260315,4877874,N/A,1773605648488,25,"Music, Pop","Harry Styles, PinkPantheress, Taylor Swift, Zara Larsson"
"RECENT_FAVORITE_PERSONAL_MIX_PLAYLIST",20260316,1525499,N/A,1773699876939,9,"Music, Pop","PinkPantheress, Sabrina Carpenter, Taylor Swift, Zara Larsson"
"RECENT_FAVORITE_PERSONAL_MIX_PLAYLIST",20260318,3357529,N/A,1773852145520,19,"Music, Pop","Taylor Swift, Zara Larsson"
"RECENT_FAVORITE_PERSONAL_MIX_PLAYLIST",20260319,4156406,N/A,1773947185746,22,"Music, Pop","Sabrina Carpenter, Taylor Swift, Zara Larsson"
"RECENT_FAVORITE_PERSONAL_MIX_PLAYLIST",20260320,8626496,N/A,1774055294467,43,"Alternative, Music, Pop","Paris Paloma, Sabrina Carpenter, Taylor Swift, Zara Larsson"
"RECENT_FAVORITE_PERSONAL_MIX_PLAYLIST",20260321,15820025,N/A,1774138308062,86,"Alternative, Music, Pop","Ella Henderson, Harry Styles, Paris Paloma, Sabrina Carpenter, Taylor Swift, Zara Larsson"
"RECENT_FAVORITE_PERSONAL_MIX_PLAYLIST",20260322,9828039,N/A,1774228164826,36,"Alternative, Music, Pop","Harry Styles, Paris Paloma, PinkPantheress, Taylor Swift, Zara Larsson"
"RECENT_FAVORITE_PERSONAL_MIX_PLAYLIST",20260323,18305536,N/A,1774306673121,110,"Alternative, Dance, Music, Pop","Harry Styles, Paris Paloma, PinkPantheress, Taylor Swift, Zara Larsson"
EDITORIAL_PLAYLIST,20260116,572347,N/A,1768603220402,5,"Music, Pop","Sabrina Carpenter, Taylor Swift"
EDITORIAL_PLAYLIST,20260124,1420136,N/A,1769283491956,8,"Alternative, Dance, Indie Rock, Music, Pop","Bleachers, Bruno Mars, Harry Styles, RAYE, Sabrina Carpenter, Taylor Swift, Teddy Swims, sombr"
EDITORIAL_PLAYLIST,20260128,2829042,N/A,1769634003876,17,"Dance, K-Pop, Music, Pop, R&B/Soul","Chris Brown, Harry Styles, TWICE"
EDITORIAL_PLAYLIST,20260129,312081,N/A,1769672131606,1,"Dance, Music, Pop","Harry Styles"
EDITORIAL_PLAYLIST,20260202,439241,N/A,1769997884243,2,"Dance, Music, Soundtrack","Charli xcx, Lorde"
EDITORIAL_PLAYLIST,20260203,4231683,N/A,1770159249471,25,"Alternative, Dance, Dubstep, Electronic, K-Pop, Music, Pop, Soundtrack","CHUNG HA, Charli xcx, Disclosure, EVERGLOW, ITZY, IZ*ONE, Lorde, Red Velvet - IRENE & SEULGI, TREASURE, TWICE"
EDITORIAL_PLAYLIST,20260204,1586942,N/A,1770231998693,9,"Dance, Music, Pop","Harry Styles, Olivia Rodrigo"
EDITORIAL_PLAYLIST,20260205,3212564,N/A,1770338971151,17,"Dance, K-Pop, Music, Pop","Alex Warren, BLACKPINK, Charli xcx, Dua Lipa, Gracie Abrams, Harry Styles, JENNIE, PinkPantheress, Tate McRae"
EDITORIAL_PLAYLIST,20260206,4012494,N/A,1770407865788,23,"Alternative, Country, Music, Pop","Billie Eilish, Tate McRae, Taylor Swift"
EDITORIAL_PLAYLIST,20260207,233899,N/A,1770435986710,1,"Music, Soundtrack, Soundtrack","Lana Del Rey"
EDITORIAL_PLAYLIST,20260209,2177425,N/A,1770663818922,13,"Alternative, Country, Music, Pop","Taylor Swift"
EDITORIAL_PLAYLIST,20260210,4236908,N/A,1770760564394,21,"Alternative, Latin, Latin Urban, Music, Pop","Bad Bunny, JHAYCO, Taylor Swift"
EDITORIAL_PLAYLIST,20260211,3378786,N/A,1770852707579,19,"Country, Latin, Latin Urban, Music, Pop","Bad Bunny, J Balvin, JHAYCO, Taylor Swift, Tego Calderón"
EDITORIAL_PLAYLIST,20260212,1173490,N/A,1770922835187,6,"Latin, Latin Urban, Music","Bad Bunny, Jowell & Randy, Rauw Alejandro, Ñengo Flow"
EDITORIAL_PLAYLIST,20260213,6788475,N/A,1771026786751,34,"Latin, Latin Urban, Music, Pop","Bad Bunny, Bruno Mars, Daddy Yankee, Don Omar, Héctor El Father, Jowell & Randy, Lady Gaga, Los Pleneros de la Cresta, Rauw Alejandro, Tego Calderón, Ñengo Flow"
EDITORIAL_PLAYLIST,20260214,4212000,N/A,1771083204700,20,"Alternative, Latin, Latin Urban, Music, Pop","Bad Bunny, Don Omar, Héctor El Father, Rauw Alejandro, Taylor Swift"
EDITORIAL_PLAYLIST,20260215,8060933,N/A,1771195118881,42,"Dance, Music, Pop, Rock","Alesso, David Guetta, Jelly Roll, OneRepublic, Timbaland"
EDITORIAL_PLAYLIST,20260216,18431652,N/A,1771215559262,74,"Alternative, Country, Music, Pop","Taylor Swift"
EDITORIAL_PLAYLIST,20260218,1715113,N/A,1771413377392,7,"Music, Pop","OneRepublic, Timbaland"
EDITORIAL_PLAYLIST,20260222,492070,N/A,1771786655261,3,"Music, Pop","Dua Lipa, Elton John"
EDITORIAL_PLAYLIST,20260226,1604694,N/A,1772149076242,8,"Alternative, Latin, Latin Urban, Music","Bad Bunny, Bleachers, Jowell & Randy, Rauw Alejandro, Ñengo Flow"
EDITORIAL_PLAYLIST,20260228,6704749,N/A,1772324631437,31,"Alternative, Country, Music, Pop","Taylor Swift"
EDITORIAL_PLAYLIST,20260301,580977,N/A,1772325255682,3,"Music, Pop","Taylor Swift"
EDITORIAL_PLAYLIST,20260303,1020489,N/A,1772576858375,6,"Dance, Music, Pop","David Guetta, OneRepublic"
EDITORIAL_PLAYLIST,20260304,445837,N/A,1772663493738,2,"Latin, Music, Pop","Bad Bunny, Zara Larsson"
EDITORIAL_PLAYLIST,20260309,694944,N/A,1773099303439,5,"Dance, Music, Pop, Reggae","Calvin Harris, Dua Lipa, RAYE, Sean Paul"
"ARTIST_SHUFFLE_RADIO_STATION",20260119,122734,N/A,1768844219550,1,"K-Pop, Music, Pop",aespa
"ARTIST_SHUFFLE_RADIO_STATION",20260121,3027658,N/A,1769039040711,15,"K-Pop, Music, Pop",EXO
"ARTIST_SHUFFLE_RADIO_STATION",20260124,1164076,N/A,1769265620113,6,"K-Pop, Music, Pop","Red Velvet"
"ARTIST_SHUFFLE_RADIO_STATION",20260129,2149859,N/A,1769674314694,11,"Dance, Music, Pop","Harry Styles"
"ARTIST_SHUFFLE_RADIO_STATION",20260130,460890,N/A,1769738229739,2,"Dance, Music, Pop","Harry Styles"
"ARTIST_SHUFFLE_RADIO_STATION",20260131,151308,N/A,1769823580616,1,"Dance, Music, Pop","Harry Styles"
"ARTIST_SHUFFLE_RADIO_STATION",20260226,404865,N/A,1772088019971,2,"Alternative, Music",Bleachers
"ARTIST_SHUFFLE_RADIO_STATION",20260309,2692992,N/A,1773084557645,18,"Alternative, Music, Pop","Tate McRae"
AUTOPLAY_RADIO_STATION,20260119,30317,N/A,1768805720215,1,"Music, Pop","Sabrina Carpenter"
AUTOPLAY_RADIO_STATION,20260120,5499455,N/A,1768931789205,28,"Asia, Dance, Hip Hop/Rap, Hip-Hop, K-Pop, Korean Hip-Hop, Music, Pop, Pop/Rock, Rock, Teen Pop, World","BAEKHYUN, CHANYEOL, CHEN, EVERGLOW, EXO-CBX, EXO-K, EXO-SC, GOT7, ITZY, MARK, Red Velvet, SEULGI, SISTAR, SUHO, TWICE, XIUMIN, aespa"
AUTOPLAY_RADIO_STATION,20260122,149363,N/A,1769051984134,1,"K-Pop, Music, Pop",aespa
AUTOPLAY_RADIO_STATION,20260205,1313088,N/A,1770323837340,7,"Alternative, Music, Pop","Ariana Grande, Gracie Abrams, Harry Styles, Justin Bieber, Lorde, Olivia Rodrigo, Sabrina Carpenter"
AUTOPLAY_RADIO_STATION,20260303,1457896,N/A,1772509764442,7,"Music, Pop","Taylor Swift"
QUERY_RADIO_STATION,20260116,601150,N/A,1768599377904,3,"Music, Pop, Rock","COIN, Conan Gray, Harry Styles"
QUERY_RADIO_STATION,20260117,2517164,N/A,1768682441039,15,"Alternative, Dance, Music, Pop","Ed Sheeran, GAYLE, Gracie Abrams, Halsey, Harry Styles, Joshua Bassett, Meghan Trainor, Olivia Rodrigo, One Direction, Pitbull, Sabrina Carpenter, Selena Gomez, Taylor Swift"
QUERY_RADIO_STATION,20260118,59637,N/A,1768704533368,1,"Music, Pop",Madilyn
QUERY_RADIO_STATION,20260119,723651,N/A,1768853021422,5,"Alternative, Folk, Music, Pop","Gracie Abrams, Moriah Bailey, Phoebe Bridgers, Taylor Swift"
QUERY_RADIO_STATION,20260120,1068063,N/A,1768945393834,5,"K-Pop, Music, Pop","070 Shake, BLACKPINK, Leah Kate, Maroon 5, Megan Thee Stallion, RAYE, Taylor Swift"
"REPLAY_PERSONAL_MIX_PLAYLIST",20260117,246463,N/A,1768667639207,2,"Music, Pop","Taylor Swift"
"REPLAY_PERSONAL_MIX_PLAYLIST",20260119,287182,N/A,1768805381258,2,"Music, Pop","Taylor Swift"
"REPLAY_PERSONAL_MIX_PLAYLIST",20260202,259684,N/A,1770064514582,2,"Alternative, Music, Pop","Bleachers, Taylor Swift"
"REPLAY_PERSONAL_MIX_PLAYLIST",20260204,1584239,N/A,1770210744170,9,"Alternative, Music, Pop","Taylor Swift, t.A.T.u."
"UPBEAT_PERSONAL_MIX_PLAYLIST",20260225,1269800,N/A,1772048539079,9,"Electronic, J-Pop, K-Pop, Music, Pop, R&B/Soul","Charli xcx, Ed Sheeran, LANY, Red Velvet, Rihanna, TWICE, Taylor Swift, aespa, izna"
"UPBEAT_PERSONAL_MIX_PLAYLIST",20260226,1046018,N/A,1772077291243,7,"K-Pop, Music, Pop","Little Mix, Louis Tomlinson, Red Velvet, aespa"
"NEW_RELEASES_PERSONAL_MIX_PLAYLIST",20260313,2278083,N/A,1773410280065,13,"African, Afro-Beat, Alternative, Country, Electronic, Indie Pop, Music, Pop, Psychedelic, Rock, Singer/Songwriter, Teen Pop","Avery Anna, Gracie Abrams, Harry Styles, Haven Madison, Hilary Duff, LILIana, Lara Buchanan, Lauv, Leanna Firestone, Mumford & Sons, Taylor Bickett, Your Daughter's Father, kenzie, sombr"
PERSONAL_RADIO_STATION,20260116,807391,N/A,1768602893755,5,"Alternative, Dance, Electronic, House, Music, Pop, Rock, Teen Pop","Bleachers, Harry Styles, Lady Gaga, Selena Gomez, Taylor Swift"
PERSONAL_RADIO_STATION,20260203,40926,N/A,1770094923827,1,"Music, Pop","Ariana Grande"
PERSONAL_RADIO_STATION,20260227,511362,N/A,1772229992835,3,"Alternative, Music, Pop","Lorde, Taylor Swift, Tristan"
"FAVOURITE_PERSONAL_MIX_PLAYLIST",20260217,52570,N/A,1771316903564,1,"Music, Pop","Little Mix"
"FAVOURITE_PERSONAL_MIX_PLAYLIST",20260309,99301,N/A,1773098586836,1,"Music, Pop","Little Mix"
"FAVOURITE_PERSONAL_MIX_PLAYLIST",20260321,1010663,N/A,1774083539057,5,"Alternative, Music, Pop, Rock","Alexx Calise, Billie Eilish, Ed Sheeran, Olivia Rodrigo, Reneé Rapp"
FAVORITE_SONGS_PLAYLIST,20260117,492899,N/A,1768622464671,2,"Music, Pop","Taylor Swift"
FAVORITE_SONGS_PLAYLIST,20260222,148779,N/A,1771730111940,1,"Alternative, Dance, Music","JENNIE, Tame Impala"
